Using pre-set license
Built from '2022.3/staging' branch; Version is '2022.3.29f1 (8d510ca76d2b) revision 9261324'; Using compiler version '192829333'; Build Type 'Release'
OS: 'Windows 11  (10.0.22631) 64bit Professional' Language: 'en' Physical Memory: 16307 MB
BatchMode: 1, IsHumanControllingUs: 0, StartBugReporterOnCrash: 0, Is64bit: 1, IsPro: 1

COMMAND LINE ARGUMENTS:
C:\Program Files\Unity\Hub\Editor\2022.3.29f1\Editor\Unity.exe
-adb2
-batchMode
-noUpm
-name
AssetImportWorker0
-projectPath
C:/uCoding/aJump Game/Jump Game
-logFile
Logs/AssetImportWorker0.log
-srvPort
49198
Successfully changed project path to: C:/uCoding/aJump Game/Jump Game
C:/uCoding/aJump Game/Jump Game
[UnityMemory] Configuration Parameters - Can be set up in boot.config
    "memorysetup-bucket-allocator-granularity=16"
    "memorysetup-bucket-allocator-bucket-count=8"
    "memorysetup-bucket-allocator-block-size=33554432"
    "memorysetup-bucket-allocator-block-count=8"
    "memorysetup-main-allocator-block-size=16777216"
    "memorysetup-thread-allocator-block-size=16777216"
    "memorysetup-gfx-main-allocator-block-size=16777216"
    "memorysetup-gfx-thread-allocator-block-size=16777216"
    "memorysetup-cache-allocator-block-size=4194304"
    "memorysetup-typetree-allocator-block-size=2097152"
    "memorysetup-profiler-bucket-allocator-granularity=16"
    "memorysetup-profiler-bucket-allocator-bucket-count=8"
    "memorysetup-profiler-bucket-allocator-block-size=33554432"
    "memorysetup-profiler-bucket-allocator-block-count=8"
    "memorysetup-profiler-allocator-block-size=16777216"
    "memorysetup-profiler-editor-allocator-block-size=1048576"
    "memorysetup-temp-allocator-size-main=16777216"
    "memorysetup-job-temp-allocator-block-size=2097152"
    "memorysetup-job-temp-allocator-block-size-background=1048576"
    "memorysetup-job-temp-allocator-reduction-small-platforms=262144"
    "memorysetup-allocator-temp-initial-block-size-main=262144"
    "memorysetup-allocator-temp-initial-block-size-worker=262144"
    "memorysetup-temp-allocator-size-background-worker=32768"
    "memorysetup-temp-allocator-size-job-worker=262144"
    "memorysetup-temp-allocator-size-preload-manager=33554432"
    "memorysetup-temp-allocator-size-nav-mesh-worker=65536"
    "memorysetup-temp-allocator-size-audio-worker=65536"
    "memorysetup-temp-allocator-size-cloud-worker=32768"
    "memorysetup-temp-allocator-size-gi-baking-worker=262144"
    "memorysetup-temp-allocator-size-gfx=262144"
Player connection [1416] Host "[IP] 192.168.0.16 [Port] 0 [Flags] 2 [Guid] 1031128907 [EditorId] 1031128907 [Version] 1048832 [Id] WindowsEditor(7,DESKTOP-IV0LFV6) [Debug] 1 [PackageName] WindowsEditor [ProjectName] Editor" joined multi-casting on [225.0.0.222:54997]...

Player connection [1416] Host "[IP] 192.168.0.16 [Port] 0 [Flags] 2 [Guid] 1031128907 [EditorId] 1031128907 [Version] 1048832 [Id] WindowsEditor(7,DESKTOP-IV0LFV6) [Debug] 1 [PackageName] WindowsEditor [ProjectName] Editor" joined alternative multi-casting on [225.0.0.222:34997]...

[Physics::Module] Initialized MultithreadedJobDispatcher with 7 workers.
Refreshing native plugins compatible for Editor in 34.70 ms, found 3 plugins.
Preloading 0 native plugins for Editor in 0.00 ms.
Initialize engine version: 2022.3.29f1 (8d510ca76d2b)
[Subsystems] Discovering subsystems at path C:/Program Files/Unity/Hub/Editor/2022.3.29f1/Editor/Data/Resources/UnitySubsystems
[Subsystems] Discovering subsystems at path C:/uCoding/aJump Game/Jump Game/Assets
GfxDevice: creating device client; threaded=0; jobified=0
Direct3D:
    Version:  Direct3D 11.0 [level 11.1]
    Renderer: NVIDIA GeForce GTX 1070 Ti (ID=0x1b82)
    Vendor:   NVIDIA
    VRAM:     8073 MB
    Driver:   31.0.15.3640
Initialize mono
Mono path[0] = 'C:/Program Files/Unity/Hub/Editor/2022.3.29f1/Editor/Data/Managed'
Mono path[1] = 'C:/Program Files/Unity/Hub/Editor/2022.3.29f1/Editor/Data/MonoBleedingEdge/lib/mono/unityjit-win32'
Mono config path = 'C:/Program Files/Unity/Hub/Editor/2022.3.29f1/Editor/Data/MonoBleedingEdge/etc'
Using monoOptions --debugger-agent=transport=dt_socket,embedding=1,server=y,suspend=n,address=127.0.0.1:56908
Begin MonoManager ReloadAssembly
Registering precompiled unity dll's ...
Register platform support module: C:/Program Files/Unity/Hub/Editor/2022.3.29f1/Editor/Data/PlaybackEngines/AndroidPlayer/UnityEditor.Android.Extensions.dll
Register platform support module: C:/Program Files/Unity/Hub/Editor/2022.3.29f1/Editor/Data/PlaybackEngines/WindowsStandaloneSupport/UnityEditor.WindowsStandalone.Extensions.dll
Registered in 0.014454 seconds.
- Loaded All Assemblies, in  0.500 seconds
Native extension for WindowsStandalone target not found
Native extension for Android target not found
Android Extension - Scanning For ADB Devices 360 ms
Mono: successfully reloaded assembly
- Finished resetting the current domain, in  0.858 seconds
Domain Reload Profiling: 1356ms
	BeginReloadAssembly (140ms)
		ExecutionOrderSort (0ms)
		DisableScriptedObjects (0ms)
		BackupInstance (0ms)
		ReleaseScriptingObjects (0ms)
		CreateAndSetChildDomain (1ms)
	RebuildCommonClasses (45ms)
	RebuildNativeTypeToScriptingClass (14ms)
	initialDomainReloadingComplete (88ms)
	LoadAllAssembliesAndSetupDomain (211ms)
		LoadAssemblies (138ms)
		RebuildTransferFunctionScriptingTraits (0ms)
		AnalyzeDomain (208ms)
			TypeCache.Refresh (206ms)
				TypeCache.ScanAssembly (184ms)
			ScanForSourceGeneratedMonoScriptInfo (1ms)
			ResolveRequiredComponents (1ms)
	FinalizeReload (858ms)
		ReleaseScriptCaches (0ms)
		RebuildScriptCaches (0ms)
		SetupLoadedEditorAssemblies (770ms)
			LogAssemblyErrors (0ms)
			InitializePlatformSupportModulesInManaged (556ms)
			SetLoadedEditorAssemblies (6ms)
			RefreshPlugins (0ms)
			BeforeProcessingInitializeOnLoad (3ms)
			ProcessInitializeOnLoadAttributes (150ms)
			ProcessInitializeOnLoadMethodAttributes (55ms)
			AfterProcessingInitializeOnLoad (0ms)
			EditorAssembliesLoaded (0ms)
		ExecutionOrderSort2 (0ms)
		AwakeInstancesAfterBackupRestoration (0ms)
========================================================================
Worker process is ready to serve import requests
Begin MonoManager ReloadAssembly
- Loaded All Assemblies, in  0.815 seconds
Refreshing native plugins compatible for Editor in 8.71 ms, found 3 plugins.
Native extension for WindowsStandalone target not found
Native extension for Android target not found
Package Manager log level set to [2]
[Package Manager] Server::EnsureServerProcessIsRunning -- launch failed, reason: Unity was launched with the -noUpm command-line argument
[Package Manager] UpmClient::Send -- Unable to send message (not connected to UPM process).
[Package Manager] Cannot connect to Unity Package Manager local server
Mono: successfully reloaded assembly
- Finished resetting the current domain, in  0.785 seconds
Domain Reload Profiling: 1595ms
	BeginReloadAssembly (174ms)
		ExecutionOrderSort (0ms)
		DisableScriptedObjects (7ms)
		BackupInstance (0ms)
		ReleaseScriptingObjects (0ms)
		CreateAndSetChildDomain (24ms)
	RebuildCommonClasses (45ms)
	RebuildNativeTypeToScriptingClass (17ms)
	initialDomainReloadingComplete (70ms)
	LoadAllAssembliesAndSetupDomain (505ms)
		LoadAssemblies (409ms)
		RebuildTransferFunctionScriptingTraits (0ms)
		AnalyzeDomain (197ms)
			TypeCache.Refresh (164ms)
				TypeCache.ScanAssembly (145ms)
			ScanForSourceGeneratedMonoScriptInfo (17ms)
			ResolveRequiredComponents (14ms)
	FinalizeReload (785ms)
		ReleaseScriptCaches (0ms)
		RebuildScriptCaches (0ms)
		SetupLoadedEditorAssemblies (564ms)
			LogAssemblyErrors (0ms)
			InitializePlatformSupportModulesInManaged (31ms)
			SetLoadedEditorAssemblies (4ms)
			RefreshPlugins (0ms)
			BeforeProcessingInitializeOnLoad (74ms)
			ProcessInitializeOnLoadAttributes (420ms)
			ProcessInitializeOnLoadMethodAttributes (25ms)
			AfterProcessingInitializeOnLoad (9ms)
			EditorAssembliesLoaded (0ms)
		ExecutionOrderSort2 (0ms)
		AwakeInstancesAfterBackupRestoration (9ms)
Launched and connected shader compiler UnityShaderCompiler.exe after 0.05 seconds
Refreshing native plugins compatible for Editor in 13.20 ms, found 3 plugins.
Preloading 0 native plugins for Editor in 0.00 ms.
Unloading 3161 Unused Serialized files (Serialized files now loaded: 0)
Unloading 53 unused Assets / (55.0 KB). Loaded Objects now: 3623.
Memory consumption went from 132.5 MB to 132.5 MB.
Total: 4.312900 ms (FindLiveObjects: 0.295200 ms CreateObjectMapping: 0.090800 ms MarkObjects: 3.771300 ms  DeleteObjects: 0.154000 ms)

AssetImportParameters requested are different than current active one (requested -> active):
  custom:container-demuxer-ogg: 62fdf1f143b41e24485cea50d1cbac27 -> 
  custom:video-codec-MediaFoundation-h265: 746d11721c4dcdbdad8f713fa42b33f4 -> 
  custom:video-decoder-ogg-theora: a1e56fd34408186e4bbccfd4996cb3dc -> 
  custom:framework-win-MediaFoundation: 216162199b28c13a410421893ffa2e32 -> 
  custom:CustomObjectIndexerAttribute: 9a22284fe3817be447336de3de66b15e -> 
  custom:container-demuxer-webm: 4f35f7cbe854078d1ac9338744f61a02 -> 
  custom:container-muxer-webm: aa71ff27fc2769a1b78a27578f13a17b -> 
  custom:video-decoder-webm-vp8: 9c59270c3fd7afecdb556c50c9e8de78 -> 
  custom:SearchIndexIgnoredProperties: e643bd26f0fe6173181afceb89e7c659 -> 
  custom:AudioImporter_EditorPlatform: d09bf68614088b80899f8185d706f6e7 -> 
  custom:video-encoder-webm-vp8: eb34c28f22e8b96e1ab97ce403110664 -> 
  custom:audio-decoder-ogg-vorbis: bf7c407c2cedff20999df2af8eb42d56 -> 
  custom:audio-encoder-webm-vorbis: bf7c407c2cedff20999df2af8eb42d56 -> 
========================================================================
Received Import Request.
  Time since last request: 502166.619147 seconds.
  path: Assets/Audio/CasualGameSounds/DM-CGS-13.wav
  artifactKey: Guid(72127805eb2bc4e7fbf2e02eca266cfa) Importer(2089858483,0ecaa5967403d082aa24f35e1b516d23)
Start importing Assets/Audio/CasualGameSounds/DM-CGS-13.wav using Guid(72127805eb2bc4e7fbf2e02eca266cfa) Importer(2089858483,0ecaa5967403d082aa24f35e1b516d23)  -> (artifact id: '0ba2c408617e1c62886c557fb0483b18') in 0.147614 seconds
Number of updated asset objects reloaded before import = 0
Number of asset objects unloaded after import = 1
========================================================================
Received Import Request.
  Time since last request: 0.000024 seconds.
  path: Assets/Audio/CasualGameSounds/DM-CGS-21.wav
  artifactKey: Guid(ffb159a21c8a04135a5616979c828fab) Importer(2089858483,0ecaa5967403d082aa24f35e1b516d23)
Start importing Assets/Audio/CasualGameSounds/DM-CGS-21.wav using Guid(ffb159a21c8a04135a5616979c828fab) Importer(2089858483,0ecaa5967403d082aa24f35e1b516d23)  -> (artifact id: '507a0e4c1381f4dc379388233d920687') in 0.063928 seconds
Number of updated asset objects reloaded before import = 0
Number of asset objects unloaded after import = 1
========================================================================
Received Import Request.
  Time since last request: 0.000020 seconds.
  path: Assets/Audio/CasualGameSounds/DM-CGS-50.wav
  artifactKey: Guid(79e6baad2fd414b82a6d49ce1568d2e5) Importer(2089858483,0ecaa5967403d082aa24f35e1b516d23)
Start importing Assets/Audio/CasualGameSounds/DM-CGS-50.wav using Guid(79e6baad2fd414b82a6d49ce1568d2e5) Importer(2089858483,0ecaa5967403d082aa24f35e1b516d23)  -> (artifact id: 'd4296a001d3a2af87b114143733c89d0') in 0.068629 seconds
Number of updated asset objects reloaded before import = 0
Number of asset objects unloaded after import = 1
========================================================================
Received Import Request.
  Time since last request: 0.000033 seconds.
  path: Assets/Audio/CasualGameSounds/DM-CGS-40.wav
  artifactKey: Guid(0994c12e202f342459a4212e7287f7e8) Importer(2089858483,0ecaa5967403d082aa24f35e1b516d23)
Start importing Assets/Audio/CasualGameSounds/DM-CGS-40.wav using Guid(0994c12e202f342459a4212e7287f7e8) Importer(2089858483,0ecaa5967403d082aa24f35e1b516d23)  -> (artifact id: '39a3672f970d83c2d5bfaa782658619b') in 0.060091 seconds
Number of updated asset objects reloaded before import = 0
Number of asset objects unloaded after import = 1
========================================================================
Received Import Request.
  Time since last request: 0.000014 seconds.
  path: Assets/GoogleMobileAds/Editor/GoogleMobileAdsSettings.cs
  artifactKey: Guid(a187246822bbb47529482707f3e0eff8) Importer(2089858483,0ecaa5967403d082aa24f35e1b516d23)
Start importing Assets/GoogleMobileAds/Editor/GoogleMobileAdsSettings.cs using Guid(a187246822bbb47529482707f3e0eff8) Importer(2089858483,0ecaa5967403d082aa24f35e1b516d23)  -> (artifact id: 'ee5dd623073db645b257dd484934c229') in 0.021504 seconds
Number of updated asset objects reloaded before import = 0
Number of asset objects unloaded after import = 1
========================================================================
Received Import Request.
  Time since last request: 0.000030 seconds.
  path: Assets/Audio/CasualGameSounds/DM-CGS-19.wav
  artifactKey: Guid(81652031b64c342cc8dbc59c138d77c5) Importer(2089858483,0ecaa5967403d082aa24f35e1b516d23)
Start importing Assets/Audio/CasualGameSounds/DM-CGS-19.wav using Guid(81652031b64c342cc8dbc59c138d77c5) Importer(2089858483,0ecaa5967403d082aa24f35e1b516d23)  -> (artifact id: 'b1c080ce62bfd132989de71dcad21ce8') in 0.065672 seconds
Number of updated asset objects reloaded before import = 0
Number of asset objects unloaded after import = 1
========================================================================
Received Import Request.
  Time since last request: 0.000023 seconds.
  path: Assets/Audio/CasualGameSounds/DM-CGS-45.wav
  artifactKey: Guid(52320e590bf774734a288886eba557ba) Importer(2089858483,0ecaa5967403d082aa24f35e1b516d23)
Start importing Assets/Audio/CasualGameSounds/DM-CGS-45.wav using Guid(52320e590bf774734a288886eba557ba) Importer(2089858483,0ecaa5967403d082aa24f35e1b516d23)  -> (artifact id: '72e7d8b7525bc15444f78e5dacec1120') in 0.062843 seconds
Number of updated asset objects reloaded before import = 0
Number of asset objects unloaded after import = 1
========================================================================
Received Import Request.
  Time since last request: 0.000057 seconds.
  path: Assets/Scenes/Store.unity
  artifactKey: Guid(ee69bb8984664314ab5a061da5870052) Importer(2089858483,0ecaa5967403d082aa24f35e1b516d23)
Start importing Assets/Scenes/Store.unity using Guid(ee69bb8984664314ab5a061da5870052) Importer(2089858483,0ecaa5967403d082aa24f35e1b516d23)  -> (artifact id: '20cd1bc5d4bd0d6fffb16e4cc35011af') in 0.012834 seconds
Number of updated asset objects reloaded before import = 0
Number of asset objects unloaded after import = 1
========================================================================
Received Import Request.
  Time since last request: 0.000055 seconds.
  path: Assets/Audio/CasualGameSounds/DM-CGS-09.wav
  artifactKey: Guid(ff5f85da24bc943d1abdc5760a22bc81) Importer(2089858483,0ecaa5967403d082aa24f35e1b516d23)
Start importing Assets/Audio/CasualGameSounds/DM-CGS-09.wav using Guid(ff5f85da24bc943d1abdc5760a22bc81) Importer(2089858483,0ecaa5967403d082aa24f35e1b516d23)  -> (artifact id: '6a9915f077ef6d1da6d79533f2178331') in 0.067830 seconds
Number of updated asset objects reloaded before import = 0
Number of asset objects unloaded after import = 1
========================================================================
Received Import Request.
  Time since last request: 0.000028 seconds.
  path: Assets/Audio/Music Tracks/Tiny_Blocks.wav
  artifactKey: Guid(5d6e42b338547477aa7a88708f894463) Importer(2089858483,0ecaa5967403d082aa24f35e1b516d23)
Start importing Assets/Audio/Music Tracks/Tiny_Blocks.wav using Guid(5d6e42b338547477aa7a88708f894463) Importer(2089858483,0ecaa5967403d082aa24f35e1b516d23)  -> (artifact id: '489deea5c3fda878cba3bb5f6afd09e3') in 1.110148 seconds
Number of updated asset objects reloaded before import = 0
Number of asset objects unloaded after import = 1
========================================================================
Received Import Request.
  Time since last request: 0.000019 seconds.
  path: Assets/Plugins/Android/gradleTemplate.properties
  artifactKey: Guid(7213aca621a0c3d49947e01f86767438) Importer(2089858483,0ecaa5967403d082aa24f35e1b516d23)
Start importing Assets/Plugins/Android/gradleTemplate.properties using Guid(7213aca621a0c3d49947e01f86767438) Importer(2089858483,0ecaa5967403d082aa24f35e1b516d23)  -> (artifact id: 'e21fc1edab388e206b336d41cda35c18') in 0.011133 seconds
Number of updated asset objects reloaded before import = 0
Number of asset objects unloaded after import = 1
========================================================================
Received Import Request.
  Time since last request: 0.000028 seconds.
  path: Assets/GoogleMobileAds/Editor/ManifestProcessor.cs
  artifactKey: Guid(c9ee5d47594eb43a19e795c834fdc044) Importer(2089858483,0ecaa5967403d082aa24f35e1b516d23)
Start importing Assets/GoogleMobileAds/Editor/ManifestProcessor.cs using Guid(c9ee5d47594eb43a19e795c834fdc044) Importer(2089858483,0ecaa5967403d082aa24f35e1b516d23)  -> (artifact id: '20e943a93bfc715c98b85a338e2e4c40') in 0.013296 seconds
Number of updated asset objects reloaded before import = 0
Number of asset objects unloaded after import = 1
========================================================================
Received Import Request.
  Time since last request: 0.000019 seconds.
  path: Assets/GoogleMobileAds/Resources/GoogleMobileAdsSettings.asset
  artifactKey: Guid(bf86b489b2269d24a97737b0612e402c) Importer(2089858483,0ecaa5967403d082aa24f35e1b516d23)
Start importing Assets/GoogleMobileAds/Resources/GoogleMobileAdsSettings.asset using Guid(bf86b489b2269d24a97737b0612e402c) Importer(2089858483,0ecaa5967403d082aa24f35e1b516d23)  -> (artifact id: '1301acaad13763e40cee2a728bc6fdfa') in 0.033961 seconds
Number of updated asset objects reloaded before import = 0
Number of asset objects unloaded after import = 1
========================================================================
Received Import Request.
  Time since last request: 0.000017 seconds.
  path: Assets/Audio/CasualGameSounds/DM-CGS-03.wav
  artifactKey: Guid(19f89c6e740e7447f9e12a8310d3e973) Importer(2089858483,0ecaa5967403d082aa24f35e1b516d23)
Start importing Assets/Audio/CasualGameSounds/DM-CGS-03.wav using Guid(19f89c6e740e7447f9e12a8310d3e973) Importer(2089858483,0ecaa5967403d082aa24f35e1b516d23)  -> (artifact id: 'c8de38f0d4d7c1381003593edd8a1fe9') in 0.061122 seconds
Number of updated asset objects reloaded before import = 0
Number of asset objects unloaded after import = 1
========================================================================
Received Import Request.
  Time since last request: 0.000017 seconds.
  path: Assets/Audio/CasualGameSounds/DM-CGS-27.wav
  artifactKey: Guid(5039414d94a6e4e70a5ab9e8833e992a) Importer(2089858483,0ecaa5967403d082aa24f35e1b516d23)
Start importing Assets/Audio/CasualGameSounds/DM-CGS-27.wav using Guid(5039414d94a6e4e70a5ab9e8833e992a) Importer(2089858483,0ecaa5967403d082aa24f35e1b516d23)  -> (artifact id: 'bc429eb4ea2b74aa48dce371df106c7d') in 0.067219 seconds
Number of updated asset objects reloaded before import = 0
Number of asset objects unloaded after import = 1
========================================================================
Received Import Request.
  Time since last request: 0.000017 seconds.
  path: Assets/Audio/CasualGameSounds/DM-CGS-14.wav
  artifactKey: Guid(b6428d4edb06344ba829da4edd9967c1) Importer(2089858483,0ecaa5967403d082aa24f35e1b516d23)
Start importing Assets/Audio/CasualGameSounds/DM-CGS-14.wav using Guid(b6428d4edb06344ba829da4edd9967c1) Importer(2089858483,0ecaa5967403d082aa24f35e1b516d23)  -> (artifact id: '290fc89ce4e8093eea87e13c40bd43d3') in 0.058717 seconds
Number of updated asset objects reloaded before import = 0
Number of asset objects unloaded after import = 1
========================================================================
Received Import Request.
  Time since last request: 0.000025 seconds.
  path: Assets/Audio/CasualGameSounds/DM-CGS-35.wav
  artifactKey: Guid(89e6bc608da7b47d4914f3d9c2484e48) Importer(2089858483,0ecaa5967403d082aa24f35e1b516d23)
Start importing Assets/Audio/CasualGameSounds/DM-CGS-35.wav using Guid(89e6bc608da7b47d4914f3d9c2484e48) Importer(2089858483,0ecaa5967403d082aa24f35e1b516d23)  -> (artifact id: '8fcd8a31a7e62432554c498025ec4e66') in 0.056689 seconds
Number of updated asset objects reloaded before import = 0
Number of asset objects unloaded after import = 1
========================================================================
Received Import Request.
  Time since last request: 0.000028 seconds.
  path: Assets/Audio/CasualGameSounds/DM-CGS-36.wav
  artifactKey: Guid(df729d213c4be44a9b55cd109f5cd4f9) Importer(2089858483,0ecaa5967403d082aa24f35e1b516d23)
Start importing Assets/Audio/CasualGameSounds/DM-CGS-36.wav using Guid(df729d213c4be44a9b55cd109f5cd4f9) Importer(2089858483,0ecaa5967403d082aa24f35e1b516d23)  -> (artifact id: '1a47e4c1539cbc124b53f11c7c33bef4') in 0.065190 seconds
Number of updated asset objects reloaded before import = 0
Number of asset objects unloaded after import = 1
========================================================================
Received Import Request.
  Time since last request: 0.000019 seconds.
  path: Assets/Audio/CasualGameSounds/DM-CGS-42.wav
  artifactKey: Guid(38a17a92b9d9748c6a1e67972041b833) Importer(2089858483,0ecaa5967403d082aa24f35e1b516d23)
Start importing Assets/Audio/CasualGameSounds/DM-CGS-42.wav using Guid(38a17a92b9d9748c6a1e67972041b833) Importer(2089858483,0ecaa5967403d082aa24f35e1b516d23)  -> (artifact id: '3df68995e8f7da665655a09cd96a8dcf') in 0.059887 seconds
Number of updated asset objects reloaded before import = 0
Number of asset objects unloaded after import = 1
========================================================================
Received Import Request.
  Time since last request: 0.000017 seconds.
  path: Assets/Animations/ShopButton/Normal.anim
  artifactKey: Guid(297a3219132a56f4693a7b71cbe9fc53) Importer(2089858483,0ecaa5967403d082aa24f35e1b516d23)
Start importing Assets/Animations/ShopButton/Normal.anim using Guid(297a3219132a56f4693a7b71cbe9fc53) Importer(2089858483,0ecaa5967403d082aa24f35e1b516d23)  -> (artifact id: '1b4ca0d2a70203435fd5a6e507cc4bf1') in 0.025094 seconds
Number of updated asset objects reloaded before import = 0
Number of asset objects unloaded after import = 1
========================================================================
Received Import Request.
  Time since last request: 0.000019 seconds.
  path: Assets/Audio/CasualGameSounds/DM-CGS-01.wav
  artifactKey: Guid(32d4b1811dda14a6cb9e059ee8ad17d2) Importer(2089858483,0ecaa5967403d082aa24f35e1b516d23)
Start importing Assets/Audio/CasualGameSounds/DM-CGS-01.wav using Guid(32d4b1811dda14a6cb9e059ee8ad17d2) Importer(2089858483,0ecaa5967403d082aa24f35e1b516d23)  -> (artifact id: '2c588e631d5605acf56b3db8b7a3c37f') in 0.056898 seconds
Number of updated asset objects reloaded before import = 0
Number of asset objects unloaded after import = 1
========================================================================
Received Import Request.
  Time since last request: 0.000027 seconds.
  path: Assets/Prefabs/Grounds/Ground.prefab
  artifactKey: Guid(a4917d5a6b251324b880aabb05d20909) Importer(2089858483,0ecaa5967403d082aa24f35e1b516d23)
Start importing Assets/Prefabs/Grounds/Ground.prefab using Guid(a4917d5a6b251324b880aabb05d20909) Importer(2089858483,0ecaa5967403d082aa24f35e1b516d23)  -> (artifact id: '25b4ce732f564d17db292e508f0da8e2') in 0.059138 seconds
Number of updated asset objects reloaded before import = 0
Number of asset objects unloaded after import = 15
========================================================================
Received Import Request.
  Time since last request: 0.000029 seconds.
  path: Assets/GoogleMobileAds/GoogleMobileAds.Ump.dll
  artifactKey: Guid(f84de9af142947eeb3522e42d9487838) Importer(2089858483,0ecaa5967403d082aa24f35e1b516d23)
Start importing Assets/GoogleMobileAds/GoogleMobileAds.Ump.dll using Guid(f84de9af142947eeb3522e42d9487838) Importer(2089858483,0ecaa5967403d082aa24f35e1b516d23)  -> (artifact id: 'efc57a2bf1e0781392b5ac40f488e342') in 0.015435 seconds
Number of updated asset objects reloaded before import = 0
Number of asset objects unloaded after import = 1
========================================================================
Received Import Request.
  Time since last request: 0.000022 seconds.
  path: Assets/GoogleMobileAds/GoogleMobileAds.Core.dll
  artifactKey: Guid(36487fa6a5984d3a80bc98eca8a2b9e6) Importer(2089858483,0ecaa5967403d082aa24f35e1b516d23)
Start importing Assets/GoogleMobileAds/GoogleMobileAds.Core.dll using Guid(36487fa6a5984d3a80bc98eca8a2b9e6) Importer(2089858483,0ecaa5967403d082aa24f35e1b516d23)  -> (artifact id: '84b50fdafca7879f9c2e2150105ea008') in 0.013201 seconds
Number of updated asset objects reloaded before import = 0
Number of asset objects unloaded after import = 1
========================================================================
Received Import Request.
  Time since last request: 0.000023 seconds.
  path: Assets/Audio/CasualGameSounds/DM-CGS-15.wav
  artifactKey: Guid(0c008ee3ee72a4362a35be25fa5de043) Importer(2089858483,0ecaa5967403d082aa24f35e1b516d23)
Start importing Assets/Audio/CasualGameSounds/DM-CGS-15.wav using Guid(0c008ee3ee72a4362a35be25fa5de043) Importer(2089858483,0ecaa5967403d082aa24f35e1b516d23)  -> (artifact id: '9d7c4595e12cde1431d55aff83312fcf') in 0.060639 seconds
Number of updated asset objects reloaded before import = 0
Number of asset objects unloaded after import = 1
========================================================================
Received Import Request.
  Time since last request: 0.000023 seconds.
  path: Assets/Prefabs/Tab.prefab
  artifactKey: Guid(a69d60f0473100140a2a7e6c6d764fff) Importer(2089858483,0ecaa5967403d082aa24f35e1b516d23)
Start importing Assets/Prefabs/Tab.prefab using Guid(a69d60f0473100140a2a7e6c6d764fff) Importer(2089858483,0ecaa5967403d082aa24f35e1b516d23)  -> (artifact id: 'afe6c74241e8284fa2a221f7bc3b9c69') in 0.068523 seconds
Number of updated asset objects reloaded before import = 0
Number of asset objects unloaded after import = 15
========================================================================
Received Import Request.
  Time since last request: 0.000019 seconds.
  path: Assets/Audio/CasualGameSounds/DM-CGS-29.wav
  artifactKey: Guid(80e397195ea2940b69ee7bdbded856a5) Importer(2089858483,0ecaa5967403d082aa24f35e1b516d23)
Start importing Assets/Audio/CasualGameSounds/DM-CGS-29.wav using Guid(80e397195ea2940b69ee7bdbded856a5) Importer(2089858483,0ecaa5967403d082aa24f35e1b516d23)  -> (artifact id: '39bf039cbb165047a7cd54d6f7cec4d3') in 0.061346 seconds
Number of updated asset objects reloaded before import = 0
Number of asset objects unloaded after import = 1
========================================================================
Received Import Request.
  Time since last request: 0.000037 seconds.
  path: Assets/Prefabs/Boosts/Shoe.prefab
  artifactKey: Guid(3559505e5a4809749a8a8f85775fc8f7) Importer(2089858483,0ecaa5967403d082aa24f35e1b516d23)
Start importing Assets/Prefabs/Boosts/Shoe.prefab using Guid(3559505e5a4809749a8a8f85775fc8f7) Importer(2089858483,0ecaa5967403d082aa24f35e1b516d23)  -> (artifact id: '32b9a95444e2adc46380c53e7217aedc') in 0.024821 seconds
Number of updated asset objects reloaded before import = 0
Number of asset objects unloaded after import = 8
========================================================================
Received Import Request.
  Time since last request: 0.000016 seconds.
  path: Assets/Audio/CasualGameSounds/DM-CGS-39.wav
  artifactKey: Guid(3becec1909f194046945d85ac1077772) Importer(2089858483,0ecaa5967403d082aa24f35e1b516d23)
Start importing Assets/Audio/CasualGameSounds/DM-CGS-39.wav using Guid(3becec1909f194046945d85ac1077772) Importer(2089858483,0ecaa5967403d082aa24f35e1b516d23)  -> (artifact id: '592755e3814e7fc19ea5c85f0a6c9a47') in 0.061149 seconds
Number of updated asset objects reloaded before import = 0
Number of asset objects unloaded after import = 1
========================================================================
Received Import Request.
  Time since last request: 0.000056 seconds.
  path: Assets/Plugins/Android/launcherTemplate.gradle
  artifactKey: Guid(2dc38d061a9229a48a0857bd4443197e) Importer(2089858483,0ecaa5967403d082aa24f35e1b516d23)
Start importing Assets/Plugins/Android/launcherTemplate.gradle using Guid(2dc38d061a9229a48a0857bd4443197e) Importer(2089858483,0ecaa5967403d082aa24f35e1b516d23)  -> (artifact id: 'c2b9f3aa47883e08865f6f1dd7f602bb') in 0.011564 seconds
Number of updated asset objects reloaded before import = 0
Number of asset objects unloaded after import = 1
========================================================================
Received Import Request.
  Time since last request: 0.000044 seconds.
  path: Assets/Prefabs/Boosts/RedBoxDrop.prefab
  artifactKey: Guid(e71c14709ab9f97469e121863b159497) Importer(2089858483,0ecaa5967403d082aa24f35e1b516d23)
Start importing Assets/Prefabs/Boosts/RedBoxDrop.prefab using Guid(e71c14709ab9f97469e121863b159497) Importer(2089858483,0ecaa5967403d082aa24f35e1b516d23)  -> (artifact id: '08addf8032ba98a9eb65891e80683f0b') in 0.032912 seconds
Number of updated asset objects reloaded before import = 0
Number of asset objects unloaded after import = 8
========================================================================
Received Import Request.
  Time since last request: 0.000018 seconds.
  path: Assets/Prefabs/Grounds/Danger Floor 1.prefab
  artifactKey: Guid(cc4ef064d59b766439a386df0f3648b9) Importer(2089858483,0ecaa5967403d082aa24f35e1b516d23)
Start importing Assets/Prefabs/Grounds/Danger Floor 1.prefab using Guid(cc4ef064d59b766439a386df0f3648b9) Importer(2089858483,0ecaa5967403d082aa24f35e1b516d23)  -> (artifact id: 'b053fe1937d512ba9bf5481c62fca314') in 0.036891 seconds
Number of updated asset objects reloaded before import = 0
Number of asset objects unloaded after import = 12
========================================================================
Received Import Request.
  Time since last request: 0.000017 seconds.
  path: Assets/Materials/Crystal Negative.mat
  artifactKey: Guid(fd064ff94f7fb0b498b858d7b7166b92) Importer(2089858483,0ecaa5967403d082aa24f35e1b516d23)
Start importing Assets/Materials/Crystal Negative.mat using Guid(fd064ff94f7fb0b498b858d7b7166b92) Importer(2089858483,0ecaa5967403d082aa24f35e1b516d23)  -> (artifact id: '9d25d9fe499ecb12c7c1e086a5c92619') in 0.079918 seconds
Number of updated asset objects reloaded before import = 0
Number of asset objects unloaded after import = 1
========================================================================
Received Import Request.
  Time since last request: 0.000021 seconds.
  path: Assets/Scripts/Extensions/SoundManager.cs
  artifactKey: Guid(3661b41e0cc409443b57f3cd8d7ef13e) Importer(2089858483,0ecaa5967403d082aa24f35e1b516d23)
Start importing Assets/Scripts/Extensions/SoundManager.cs using Guid(3661b41e0cc409443b57f3cd8d7ef13e) Importer(2089858483,0ecaa5967403d082aa24f35e1b516d23)  -> (artifact id: '8690ea23646d1edec5763b29b0e3b44a') in 0.013545 seconds
Number of updated asset objects reloaded before import = 0
Number of asset objects unloaded after import = 1
========================================================================
Received Import Request.
  Time since last request: 0.000031 seconds.
  path: Assets/Scripts/Extensions/Buttons.cs
  artifactKey: Guid(77fef20f71d83b94f9f9fbd03016dd66) Importer(2089858483,0ecaa5967403d082aa24f35e1b516d23)
Start importing Assets/Scripts/Extensions/Buttons.cs using Guid(77fef20f71d83b94f9f9fbd03016dd66) Importer(2089858483,0ecaa5967403d082aa24f35e1b516d23)  -> (artifact id: '796cbf624446053c7374538696e03538') in 0.011510 seconds
Number of updated asset objects reloaded before import = 0
Number of asset objects unloaded after import = 1
========================================================================
Received Import Request.
  Time since last request: 0.000018 seconds.
  path: Assets/Audio/CasualGameSounds/DM-CGS-30.wav
  artifactKey: Guid(130a177e727814a2ea78a886ab72213d) Importer(2089858483,0ecaa5967403d082aa24f35e1b516d23)
Start importing Assets/Audio/CasualGameSounds/DM-CGS-30.wav using Guid(130a177e727814a2ea78a886ab72213d) Importer(2089858483,0ecaa5967403d082aa24f35e1b516d23)  -> (artifact id: '0ac8277b0299814d028f439807aa8dd2') in 0.063190 seconds
Number of updated asset objects reloaded before import = 0
Number of asset objects unloaded after import = 1
========================================================================
Received Import Request.
  Time since last request: 0.000024 seconds.
  path: Assets/Audio/Music Tracks/Potato.wav
  artifactKey: Guid(87890a66193394e3cb7d6284cc6b4344) Importer(2089858483,0ecaa5967403d082aa24f35e1b516d23)
Start importing Assets/Audio/Music Tracks/Potato.wav using Guid(87890a66193394e3cb7d6284cc6b4344) Importer(2089858483,0ecaa5967403d082aa24f35e1b516d23)  -> (artifact id: '08fd9fd618b2229f66d39d73fc150bbf') in 0.712746 seconds
Number of updated asset objects reloaded before import = 0
Number of asset objects unloaded after import = 1
========================================================================
Received Import Request.
  Time since last request: 0.000032 seconds.
  path: Assets/Textures/AppTextures/lock.png
  artifactKey: Guid(3178648675a78514b84b95638e0169d7) Importer(2089858483,0ecaa5967403d082aa24f35e1b516d23)
Start importing Assets/Textures/AppTextures/lock.png using Guid(3178648675a78514b84b95638e0169d7) Importer(2089858483,0ecaa5967403d082aa24f35e1b516d23)  -> (artifact id: 'affdbc845a7eefca354b57483b6d4ee7') in 0.082257 seconds
Number of updated asset objects reloaded before import = 0
Number of asset objects unloaded after import = 3
========================================================================
Received Import Request.
  Time since last request: 0.000057 seconds.
  path: Assets/Textures/AppTextures/Platform Normal.png
  artifactKey: Guid(82926c958bfe479488d2540a2b870fda) Importer(2089858483,0ecaa5967403d082aa24f35e1b516d23)
Start importing Assets/Textures/AppTextures/Platform Normal.png using Guid(82926c958bfe479488d2540a2b870fda) Importer(2089858483,0ecaa5967403d082aa24f35e1b516d23)  -> (artifact id: 'edd3882c3f630220da0f80a9280d4b5d') in 0.029548 seconds
Number of updated asset objects reloaded before import = 0
Number of asset objects unloaded after import = 3
========================================================================
Received Import Request.
  Time since last request: 0.000015 seconds.
  path: Assets/Textures/AppTextures/New Skin.png
  artifactKey: Guid(7e5c0ffc30b3337468d0577868f8042d) Importer(2089858483,0ecaa5967403d082aa24f35e1b516d23)
Start importing Assets/Textures/AppTextures/New Skin.png using Guid(7e5c0ffc30b3337468d0577868f8042d) Importer(2089858483,0ecaa5967403d082aa24f35e1b516d23)  -> (artifact id: 'c6acc4e51d77b9255d6560ffbc40f8df') in 0.027000 seconds
Number of updated asset objects reloaded before import = 0
Number of asset objects unloaded after import = 3
========================================================================
Received Import Request.
  Time since last request: 0.000018 seconds.
  path: Assets/Textures/AppTextures/Magnet.png
  artifactKey: Guid(7ec81fca93dbe4742aa20a9beb57040e) Importer(2089858483,0ecaa5967403d082aa24f35e1b516d23)
Start importing Assets/Textures/AppTextures/Magnet.png using Guid(7ec81fca93dbe4742aa20a9beb57040e) Importer(2089858483,0ecaa5967403d082aa24f35e1b516d23)  -> (artifact id: '893196b93dd8936b3b260a656a3f1b39') in 0.024422 seconds
Number of updated asset objects reloaded before import = 0
Number of asset objects unloaded after import = 3
========================================================================
Received Import Request.
  Time since last request: 0.000019 seconds.
  path: Assets/Textures/AppTextures/Bag of coins.png
  artifactKey: Guid(21f82a95ca5597e4d8fc9e266e1025fa) Importer(2089858483,0ecaa5967403d082aa24f35e1b516d23)
Start importing Assets/Textures/AppTextures/Bag of coins.png using Guid(21f82a95ca5597e4d8fc9e266e1025fa) Importer(2089858483,0ecaa5967403d082aa24f35e1b516d23)  -> (artifact id: 'a1d5ee3e4d9704469ef71eedb8cf3923') in 0.027406 seconds
Number of updated asset objects reloaded before import = 0
Number of asset objects unloaded after import = 3
========================================================================
Received Import Request.
  Time since last request: 0.000021 seconds.
  path: Assets/Textures/AppTextures/Danger Platform.png
  artifactKey: Guid(d4bc63ed4fc28904dab5cdf889b6ccb4) Importer(2089858483,0ecaa5967403d082aa24f35e1b516d23)
Start importing Assets/Textures/AppTextures/Danger Platform.png using Guid(d4bc63ed4fc28904dab5cdf889b6ccb4) Importer(2089858483,0ecaa5967403d082aa24f35e1b516d23)  -> (artifact id: '62aa15993e5f764b43b8767b103c1afe') in 0.027841 seconds
Number of updated asset objects reloaded before import = 0
Number of asset objects unloaded after import = 3
========================================================================
Received Import Request.
  Time since last request: 0.000024 seconds.
  path: Assets/Textures/AppTextures/free.png
  artifactKey: Guid(668dde4f5ef2ef946bbd3954406a2774) Importer(2089858483,0ecaa5967403d082aa24f35e1b516d23)
Start importing Assets/Textures/AppTextures/free.png using Guid(668dde4f5ef2ef946bbd3954406a2774) Importer(2089858483,0ecaa5967403d082aa24f35e1b516d23)  -> (artifact id: '4037e3998395fca585743051f8525aaf') in 0.027617 seconds
Number of updated asset objects reloaded before import = 0
Number of asset objects unloaded after import = 3
========================================================================
Received Import Request.
  Time since last request: 0.000032 seconds.
  path: Assets/Textures/AppTextures/Egg.png
  artifactKey: Guid(116a659fda7a58b48a7f3b87321dbace) Importer(2089858483,0ecaa5967403d082aa24f35e1b516d23)
Start importing Assets/Textures/AppTextures/Egg.png using Guid(116a659fda7a58b48a7f3b87321dbace) Importer(2089858483,0ecaa5967403d082aa24f35e1b516d23)  -> (artifact id: '59c369b1c0edffb7cbf5eacbbbc2e8af') in 0.025150 seconds
Number of updated asset objects reloaded before import = 0
Number of asset objects unloaded after import = 3
========================================================================
Received Import Request.
  Time since last request: 0.000015 seconds.
  path: Assets/Textures/AppTextures/Shoes.png
  artifactKey: Guid(aca0c635cb59ecd458a98add3d5dc2d1) Importer(2089858483,0ecaa5967403d082aa24f35e1b516d23)
Start importing Assets/Textures/AppTextures/Shoes.png using Guid(aca0c635cb59ecd458a98add3d5dc2d1) Importer(2089858483,0ecaa5967403d082aa24f35e1b516d23)  -> (artifact id: '2478771953af417c658540e206cc27f2') in 0.021835 seconds
Number of updated asset objects reloaded before import = 0
Number of asset objects unloaded after import = 3
========================================================================
Received Import Request.
  Time since last request: 0.000018 seconds.
  path: Assets/Scripts/Trackers/CoinsCalculator.cs
  artifactKey: Guid(2fdcf512e8d961b4caa807e3e247931a) Importer(2089858483,0ecaa5967403d082aa24f35e1b516d23)
Start importing Assets/Scripts/Trackers/CoinsCalculator.cs using Guid(2fdcf512e8d961b4caa807e3e247931a) Importer(2089858483,0ecaa5967403d082aa24f35e1b516d23)  -> (artifact id: '1fdd5202afe6a98394356f966fef98ea') in 0.012548 seconds
Number of updated asset objects reloaded before import = 0
Number of asset objects unloaded after import = 1
========================================================================
Received Import Request.
  Time since last request: 0.000019 seconds.
  path: Assets/Textures/AppTextures/back icon.png
  artifactKey: Guid(eb1d8a2b04b9e8b46b78ec0f6e0ebfb0) Importer(2089858483,0ecaa5967403d082aa24f35e1b516d23)
Start importing Assets/Textures/AppTextures/back icon.png using Guid(eb1d8a2b04b9e8b46b78ec0f6e0ebfb0) Importer(2089858483,0ecaa5967403d082aa24f35e1b516d23)  -> (artifact id: 'd54ae7b4c634ac6473ca2c424caaefe3') in 0.028159 seconds
Number of updated asset objects reloaded before import = 0
Number of asset objects unloaded after import = 3
========================================================================
Received Import Request.
  Time since last request: 0.000022 seconds.
  path: Assets/Textures/AppTextures/Diamant.png
  artifactKey: Guid(c469a5617a9dc054ab89ea9d549fce13) Importer(2089858483,0ecaa5967403d082aa24f35e1b516d23)
Start importing Assets/Textures/AppTextures/Diamant.png using Guid(c469a5617a9dc054ab89ea9d549fce13) Importer(2089858483,0ecaa5967403d082aa24f35e1b516d23)  -> (artifact id: 'c993456261197ee812b43c7cc65fd334') in 0.031609 seconds
Number of updated asset objects reloaded before import = 0
Number of asset objects unloaded after import = 3
========================================================================
Received Import Request.
  Time since last request: 0.000021 seconds.
  path: Assets/Scripts/Sounds/AudioManager.cs
  artifactKey: Guid(f5bff84b6c68dc048ab17e9f18876f54) Importer(2089858483,0ecaa5967403d082aa24f35e1b516d23)
Start importing Assets/Scripts/Sounds/AudioManager.cs using Guid(f5bff84b6c68dc048ab17e9f18876f54) Importer(2089858483,0ecaa5967403d082aa24f35e1b516d23)  -> (artifact id: 'd0937751f1174dee45e8e206c1a93007') in 0.013096 seconds
Number of updated asset objects reloaded before import = 0
Number of asset objects unloaded after import = 1
========================================================================
Received Import Request.
  Time since last request: 0.000067 seconds.
  path: Assets/Scripts/Sounds/Sound.cs
  artifactKey: Guid(150c4a0490f9c4a4a97d1ca9ab0d13a6) Importer(2089858483,0ecaa5967403d082aa24f35e1b516d23)
Start importing Assets/Scripts/Sounds/Sound.cs using Guid(150c4a0490f9c4a4a97d1ca9ab0d13a6) Importer(2089858483,0ecaa5967403d082aa24f35e1b516d23)  -> (artifact id: '3e90a6a48410af23205f0ab081db481f') in 0.013465 seconds
Number of updated asset objects reloaded before import = 0
Number of asset objects unloaded after import = 1
========================================================================
Received Import Request.
  Time since last request: 0.000017 seconds.
  path: Assets/Audio/Music Tracks/StreetLove.wav
  artifactKey: Guid(26364aaf1f64b40c1a047b0bacfbd10e) Importer(2089858483,0ecaa5967403d082aa24f35e1b516d23)
Start importing Assets/Audio/Music Tracks/StreetLove.wav using Guid(26364aaf1f64b40c1a047b0bacfbd10e) Importer(2089858483,0ecaa5967403d082aa24f35e1b516d23)  -> (artifact id: '417ac36496a61ec9e01be376569499b3') in 1.637405 seconds
Number of updated asset objects reloaded before import = 0
Number of asset objects unloaded after import = 1
========================================================================
Received Import Request.
  Time since last request: 0.000038 seconds.
  path: Assets/Audio/CasualGameSounds/DM-CGS-08.wav
  artifactKey: Guid(4e1ff8faed12a475eba9be0e46072269) Importer(2089858483,0ecaa5967403d082aa24f35e1b516d23)
Start importing Assets/Audio/CasualGameSounds/DM-CGS-08.wav using Guid(4e1ff8faed12a475eba9be0e46072269) Importer(2089858483,0ecaa5967403d082aa24f35e1b516d23)  -> (artifact id: 'cdfaaf11a4de721b319c204f6a2823b6') in 0.174184 seconds
Number of updated asset objects reloaded before import = 0
Number of asset objects unloaded after import = 1
========================================================================
Received Import Request.
  Time since last request: 0.000029 seconds.
  path: Assets/Audio/Music Tracks/Stupid_Dancer.wav
  artifactKey: Guid(1555836638cd34283a3780a19b58d4c6) Importer(2089858483,0ecaa5967403d082aa24f35e1b516d23)
Start importing Assets/Audio/Music Tracks/Stupid_Dancer.wav using Guid(1555836638cd34283a3780a19b58d4c6) Importer(2089858483,0ecaa5967403d082aa24f35e1b516d23)  -> (artifact id: 'c5d146e981da919991c4f1550dcc7bb0') in 1.239570 seconds
Number of updated asset objects reloaded before import = 0
Number of asset objects unloaded after import = 1
========================================================================
Received Import Request.
  Time since last request: 0.000020 seconds.
  path: Assets/Plugins/ExternalDependencyManager/Editor/1.2.175/Google.PackageManagerResolver.dll
  artifactKey: Guid(64763f5d36d84f789a31f8dbcc26cac9) Importer(2089858483,0ecaa5967403d082aa24f35e1b516d23)
Start importing Assets/Plugins/ExternalDependencyManager/Editor/1.2.175/Google.PackageManagerResolver.dll using Guid(64763f5d36d84f789a31f8dbcc26cac9) Importer(2089858483,0ecaa5967403d082aa24f35e1b516d23)  -> (artifact id: '569fc537cd7579df730a779236887b29') in 0.022066 seconds
Number of updated asset objects reloaded before import = 0
Number of asset objects unloaded after import = 1
========================================================================
Received Import Request.
  Time since last request: 0.000030 seconds.
  path: Assets/GoogleMobileAds/Editor/Resources/Ump/ConsentForm.png
  artifactKey: Guid(cb0d255b8cd434556a80e3ae50b24b9c) Importer(2089858483,0ecaa5967403d082aa24f35e1b516d23)
Start importing Assets/GoogleMobileAds/Editor/Resources/Ump/ConsentForm.png using Guid(cb0d255b8cd434556a80e3ae50b24b9c) Importer(2089858483,0ecaa5967403d082aa24f35e1b516d23)  -> (artifact id: 'd5fa076e9c05ea6e4d0f7f50cdd97d23') in 0.046268 seconds
Number of updated asset objects reloaded before import = 0
Number of asset objects unloaded after import = 3
========================================================================
Received Import Request.
  Time since last request: 0.000019 seconds.
  path: Assets/Prefabs/DAILY.prefab
  artifactKey: Guid(03b0bb654b75d164eb0dabd100f41e03) Importer(2089858483,0ecaa5967403d082aa24f35e1b516d23)
Start importing Assets/Prefabs/DAILY.prefab using Guid(03b0bb654b75d164eb0dabd100f41e03) Importer(2089858483,0ecaa5967403d082aa24f35e1b516d23)  -> (artifact id: 'fb05899c0527781dc4ed58f62f214922') in 0.072605 seconds
Number of updated asset objects reloaded before import = 0
Number of asset objects unloaded after import = 112
========================================================================
Received Import Request.
  Time since last request: 0.000019 seconds.
  path: Assets/Audio/CasualGameSounds/DM-CGS-47.wav
  artifactKey: Guid(d46323e22e74e46baa241cbf48c85671) Importer(2089858483,0ecaa5967403d082aa24f35e1b516d23)
Start importing Assets/Audio/CasualGameSounds/DM-CGS-47.wav using Guid(d46323e22e74e46baa241cbf48c85671) Importer(2089858483,0ecaa5967403d082aa24f35e1b516d23)  -> (artifact id: '67f334c24cd4a1f817ed74bbff335801') in 0.082922 seconds
Number of updated asset objects reloaded before import = 0
Number of asset objects unloaded after import = 1
========================================================================
Received Import Request.
  Time since last request: 0.000020 seconds.
  path: Assets/Plugins/ExternalDependencyManager/Editor/external-dependency-manager_version-1.2.175_manifest.txt
  artifactKey: Guid(3e27eb74b8d448cd9aa7688085c8ad76) Importer(2089858483,0ecaa5967403d082aa24f35e1b516d23)
Start importing Assets/Plugins/ExternalDependencyManager/Editor/external-dependency-manager_version-1.2.175_manifest.txt using Guid(3e27eb74b8d448cd9aa7688085c8ad76) Importer(2089858483,0ecaa5967403d082aa24f35e1b516d23)  -> (artifact id: 'a04a61f0a4dcaa45068e552bc7bf733a') in 0.035876 seconds
Number of updated asset objects reloaded before import = 0
Number of asset objects unloaded after import = 1
========================================================================
Received Import Request.
  Time since last request: 0.000037 seconds.
  path: Assets/Textures/Shapes/White Round Bottom.png
  artifactKey: Guid(ef411718a7bb843428bfa5e4356710af) Importer(2089858483,0ecaa5967403d082aa24f35e1b516d23)
Start importing Assets/Textures/Shapes/White Round Bottom.png using Guid(ef411718a7bb843428bfa5e4356710af) Importer(2089858483,0ecaa5967403d082aa24f35e1b516d23)  -> (artifact id: '09b347ec6c2984009ef433cc88b92580') in 0.068439 seconds
Number of updated asset objects reloaded before import = 0
Number of asset objects unloaded after import = 3
========================================================================
Received Import Request.
  Time since last request: 0.000049 seconds.
  path: Assets/Textures/Images/sky.png
  artifactKey: Guid(c5e55df817ae3d24e9cf40ab43ce4c7c) Importer(2089858483,0ecaa5967403d082aa24f35e1b516d23)
Start importing Assets/Textures/Images/sky.png using Guid(c5e55df817ae3d24e9cf40ab43ce4c7c) Importer(2089858483,0ecaa5967403d082aa24f35e1b516d23)  -> (artifact id: '375d44e7503ef3e7c61fb9d82e51c22c') in 0.064100 seconds
Number of updated asset objects reloaded before import = 0
Number of asset objects unloaded after import = 3
========================================================================
Received Import Request.
  Time since last request: 0.000019 seconds.
  path: Assets/Prefabs/Grounds/Moving/Moving Platform.prefab
  artifactKey: Guid(e37a86c29716261498c2bafe36a75007) Importer(2089858483,0ecaa5967403d082aa24f35e1b516d23)
Start importing Assets/Prefabs/Grounds/Moving/Moving Platform.prefab using Guid(e37a86c29716261498c2bafe36a75007) Importer(2089858483,0ecaa5967403d082aa24f35e1b516d23)  -> (artifact id: 'b37cb4405fd33bf91f18e9a5ceea5dab') in 0.020273 seconds
Number of updated asset objects reloaded before import = 0
Number of asset objects unloaded after import = 16
========================================================================
Received Import Request.
  Time since last request: 0.000017 seconds.
  path: Assets/Textures/AppTextures/Eggs/brown.png
  artifactKey: Guid(77f2158216f60774baeb6931cafec323) Importer(2089858483,0ecaa5967403d082aa24f35e1b516d23)
Start importing Assets/Textures/AppTextures/Eggs/brown.png using Guid(77f2158216f60774baeb6931cafec323) Importer(2089858483,0ecaa5967403d082aa24f35e1b516d23)  -> (artifact id: 'e4823cb21c8d36614ff09a386377b35d') in 0.025517 seconds
Number of updated asset objects reloaded before import = 0
Number of asset objects unloaded after import = 3
========================================================================
Received Import Request.
  Time since last request: 0.000018 seconds.
  path: Assets/Plugins/TextMesh Pro/Shaders/TMP_Sprite.shader
  artifactKey: Guid(cf81c85f95fe47e1a27f6ae460cf182c) Importer(2089858483,0ecaa5967403d082aa24f35e1b516d23)
Start importing Assets/Plugins/TextMesh Pro/Shaders/TMP_Sprite.shader using Guid(cf81c85f95fe47e1a27f6ae460cf182c) Importer(2089858483,0ecaa5967403d082aa24f35e1b516d23)  -> (artifact id: '12d70131f047ce1908cb7e1a16fffee0') in 0.018101 seconds
Number of updated asset objects reloaded before import = 0
Number of asset objects unloaded after import = 1
========================================================================
Received Import Request.
  Time since last request: 0.000041 seconds.
  path: Assets/Plugins/TextMesh Pro/Examples & Extras/Materials/Small Crate_diffuse.mat
  artifactKey: Guid(22262639920f43d6be32430e4e58350d) Importer(2089858483,0ecaa5967403d082aa24f35e1b516d23)
Start importing Assets/Plugins/TextMesh Pro/Examples & Extras/Materials/Small Crate_diffuse.mat using Guid(22262639920f43d6be32430e4e58350d) Importer(2089858483,0ecaa5967403d082aa24f35e1b516d23)  -> (artifact id: '8d266b66726ab777bd3445dacbb77cad') in 0.033398 seconds
Number of updated asset objects reloaded before import = 0
Number of asset objects unloaded after import = 3
========================================================================
Received Import Request.
  Time since last request: 0.000014 seconds.
  path: Assets/Plugins/TextMesh Pro/Examples & Extras/Prefabs/TextMeshPro - Prefab 1.prefab
  artifactKey: Guid(a6e39ced0ea046bcb636c3f0b2e2a745) Importer(2089858483,0ecaa5967403d082aa24f35e1b516d23)
Start importing Assets/Plugins/TextMesh Pro/Examples & Extras/Prefabs/TextMeshPro - Prefab 1.prefab using Guid(a6e39ced0ea046bcb636c3f0b2e2a745) Importer(2089858483,0ecaa5967403d082aa24f35e1b516d23)  -> (artifact id: 'bbdbd5238e3f1af12d97cc680583fc47') in 0.094266 seconds
Number of updated asset objects reloaded before import = 0
Number of asset objects unloaded after import = 16
========================================================================
Received Import Request.
  Time since last request: 0.000021 seconds.
  path: Assets/Plugins/TextMesh Pro/Examples & Extras/Scenes/03 - Line Justification.unity
  artifactKey: Guid(21a509e1d3cd49978623fa564adb6f02) Importer(2089858483,0ecaa5967403d082aa24f35e1b516d23)
Start importing Assets/Plugins/TextMesh Pro/Examples & Extras/Scenes/03 - Line Justification.unity using Guid(21a509e1d3cd49978623fa564adb6f02) Importer(2089858483,0ecaa5967403d082aa24f35e1b516d23)  -> (artifact id: 'ee19cee9e3077aa804f04536c035b5b2') in 0.012152 seconds
Number of updated asset objects reloaded before import = 0
Number of asset objects unloaded after import = 1
========================================================================
Received Import Request.
  Time since last request: 0.000045 seconds.
  path: Assets/Plugins/SimpleFolderIcon/Icons/Default/Default.png
  artifactKey: Guid(528e0cfe91970b64f9bf00466d825ed5) Importer(2089858483,0ecaa5967403d082aa24f35e1b516d23)
Start importing Assets/Plugins/SimpleFolderIcon/Icons/Default/Default.png using Guid(528e0cfe91970b64f9bf00466d825ed5) Importer(2089858483,0ecaa5967403d082aa24f35e1b516d23)  -> (artifact id: '2320b08161bd369ec146f237539c09d0') in 0.032734 seconds
Number of updated asset objects reloaded before import = 0
Number of asset objects unloaded after import = 1
========================================================================
Received Import Request.
  Time since last request: 0.000023 seconds.
  path: Assets/Plugins/TextMesh Pro/Examples & Extras/Fonts/Bangers.ttf
  artifactKey: Guid(5dd49b3eacc540408c98eee0de38e0f1) Importer(2089858483,0ecaa5967403d082aa24f35e1b516d23)
Start importing Assets/Plugins/TextMesh Pro/Examples & Extras/Fonts/Bangers.ttf using Guid(5dd49b3eacc540408c98eee0de38e0f1) Importer(2089858483,0ecaa5967403d082aa24f35e1b516d23)  -> (artifact id: '62cf99b723984948a3853192f0422c8b') in 0.031915 seconds
Number of updated asset objects reloaded before import = 0
Number of asset objects unloaded after import = 3
========================================================================
Received Import Request.
  Time since last request: 0.000021 seconds.
  path: Assets/Plugins/TextMesh Pro/Examples & Extras/Prefabs/Text Popup.prefab
  artifactKey: Guid(b06f0e6c1dfa4356ac918da1bb32c603) Importer(2089858483,0ecaa5967403d082aa24f35e1b516d23)
Start importing Assets/Plugins/TextMesh Pro/Examples & Extras/Prefabs/Text Popup.prefab using Guid(b06f0e6c1dfa4356ac918da1bb32c603) Importer(2089858483,0ecaa5967403d082aa24f35e1b516d23)  -> (artifact id: 'f4bad987156827cc4371c581a689f84d') in 0.067195 seconds
Number of updated asset objects reloaded before import = 0
Number of asset objects unloaded after import = 21
========================================================================
Received Import Request.
  Time since last request: 0.000030 seconds.
  path: Assets/Plugins/TextMesh Pro/Examples & Extras/Fonts/Electronic Highway Sign.TTF
  artifactKey: Guid(8a2b9e2a607dd2143b58c44bc32410b4) Importer(2089858483,0ecaa5967403d082aa24f35e1b516d23)
Start importing Assets/Plugins/TextMesh Pro/Examples & Extras/Fonts/Electronic Highway Sign.TTF using Guid(8a2b9e2a607dd2143b58c44bc32410b4) Importer(2089858483,0ecaa5967403d082aa24f35e1b516d23)  -> (artifact id: 'd6effd5e557a05932cc0c7d06aca2501') in 0.041460 seconds
Number of updated asset objects reloaded before import = 0
Number of asset objects unloaded after import = 3
========================================================================
Received Import Request.
  Time since last request: 0.000018 seconds.
  path: Assets/Plugins/TextMesh Pro/Examples & Extras/Scenes/02 - Multi-line TextMesh Pro.unity
  artifactKey: Guid(251716609f634449bfe8ce75c0ed78fe) Importer(2089858483,0ecaa5967403d082aa24f35e1b516d23)
Start importing Assets/Plugins/TextMesh Pro/Examples & Extras/Scenes/02 - Multi-line TextMesh Pro.unity using Guid(251716609f634449bfe8ce75c0ed78fe) Importer(2089858483,0ecaa5967403d082aa24f35e1b516d23)  -> (artifact id: '485202191290ead93cff32a8677f836c') in 0.019733 seconds
Number of updated asset objects reloaded before import = 0
Number of asset objects unloaded after import = 1
========================================================================
Received Import Request.
  Time since last request: 0.000019 seconds.
  path: Assets/Scripts/Trackers/FPS.cs
  artifactKey: Guid(51f8f00c4c0af374b8178fc6d0cf18a6) Importer(2089858483,0ecaa5967403d082aa24f35e1b516d23)
Start importing Assets/Scripts/Trackers/FPS.cs using Guid(51f8f00c4c0af374b8178fc6d0cf18a6) Importer(2089858483,0ecaa5967403d082aa24f35e1b516d23)  -> (artifact id: 'ded3767fcc3a1d082d0b95665d9d8004') in 0.015400 seconds
Number of updated asset objects reloaded before import = 0
Number of asset objects unloaded after import = 1
========================================================================
Received Import Request.
  Time since last request: 0.000052 seconds.
  path: Assets/Textures/AppTextures/Eggs/colored.png
  artifactKey: Guid(f0abc61f777b6e944be12f82c6d368e0) Importer(2089858483,0ecaa5967403d082aa24f35e1b516d23)
Start importing Assets/Textures/AppTextures/Eggs/colored.png using Guid(f0abc61f777b6e944be12f82c6d368e0) Importer(2089858483,0ecaa5967403d082aa24f35e1b516d23)  -> (artifact id: '36e25d87ef63c3ff2aab52260b6e4cea') in 0.023346 seconds
Number of updated asset objects reloaded before import = 0
Number of asset objects unloaded after import = 3
========================================================================
Received Import Request.
  Time since last request: 0.000017 seconds.
  path: Assets/Plugins/SimpleFolderIcon/Icons/Editor.png
  artifactKey: Guid(512d76f3dccd6f640b4ccc01cb61b756) Importer(2089858483,0ecaa5967403d082aa24f35e1b516d23)
Start importing Assets/Plugins/SimpleFolderIcon/Icons/Editor.png using Guid(512d76f3dccd6f640b4ccc01cb61b756) Importer(2089858483,0ecaa5967403d082aa24f35e1b516d23)  -> (artifact id: 'be40dd8224a7c8641b18096c76abda76') in 0.021121 seconds
Number of updated asset objects reloaded before import = 0
Number of asset objects unloaded after import = 1
========================================================================
Received Import Request.
  Time since last request: 0.000018 seconds.
  path: Assets/Audio/Music Tracks/Zephyr.wav
  artifactKey: Guid(07f391589664f4e85904fa28802b4aa8) Importer(2089858483,0ecaa5967403d082aa24f35e1b516d23)
Start importing Assets/Audio/Music Tracks/Zephyr.wav using Guid(07f391589664f4e85904fa28802b4aa8) Importer(2089858483,0ecaa5967403d082aa24f35e1b516d23)  -> (artifact id: '06bfa1bc563d35cee4710e624031d791') in 1.071007 seconds
Number of updated asset objects reloaded before import = 0
Number of asset objects unloaded after import = 1
========================================================================
Received Import Request.
  Time since last request: 0.000018 seconds.
  path: Assets/Plugins/TextMesh Pro/Shaders/TMP_SDF-Mobile SSD.shader
  artifactKey: Guid(c8d12adcee749c344b8117cf7c7eb912) Importer(2089858483,0ecaa5967403d082aa24f35e1b516d23)
Start importing Assets/Plugins/TextMesh Pro/Shaders/TMP_SDF-Mobile SSD.shader using Guid(c8d12adcee749c344b8117cf7c7eb912) Importer(2089858483,0ecaa5967403d082aa24f35e1b516d23)  -> (artifact id: '88f06f008920aee60ce5acbfabc8213b') in 0.011806 seconds
Number of updated asset objects reloaded before import = 0
Number of asset objects unloaded after import = 1
========================================================================
Received Import Request.
  Time since last request: 0.000032 seconds.
  path: Assets/Animations/ShopButton/Highlight1.anim
  artifactKey: Guid(fc4fc5dbdada73d45918ea71dbf01d98) Importer(2089858483,0ecaa5967403d082aa24f35e1b516d23)
Start importing Assets/Animations/ShopButton/Highlight1.anim using Guid(fc4fc5dbdada73d45918ea71dbf01d98) Importer(2089858483,0ecaa5967403d082aa24f35e1b516d23)  -> (artifact id: '0bdc10bd06128a31ceed9ba404597882') in 0.013248 seconds
Number of updated asset objects reloaded before import = 0
Number of asset objects unloaded after import = 1
========================================================================
Received Import Request.
  Time since last request: 0.000014 seconds.
  path: Assets/Plugins/TextMesh Pro/Resources/LineBreaking Following Characters.txt
  artifactKey: Guid(fade42e8bc714b018fac513c043d323b) Importer(2089858483,0ecaa5967403d082aa24f35e1b516d23)
Start importing Assets/Plugins/TextMesh Pro/Resources/LineBreaking Following Characters.txt using Guid(fade42e8bc714b018fac513c043d323b) Importer(2089858483,0ecaa5967403d082aa24f35e1b516d23)  -> (artifact id: 'f89fdcf6492573b0eabbfaa25d7a3f79') in 0.012890 seconds
Number of updated asset objects reloaded before import = 0
Number of asset objects unloaded after import = 1
========================================================================
Received Import Request.
  Time since last request: 0.000021 seconds.
  path: Assets/Plugins/TextMesh Pro/Examples & Extras/Fonts/Bangers - OFL.txt
  artifactKey: Guid(efe0bf4ac872451e91612d1ae593f480) Importer(2089858483,0ecaa5967403d082aa24f35e1b516d23)
Start importing Assets/Plugins/TextMesh Pro/Examples & Extras/Fonts/Bangers - OFL.txt using Guid(efe0bf4ac872451e91612d1ae593f480) Importer(2089858483,0ecaa5967403d082aa24f35e1b516d23)  -> (artifact id: 'deea95d9ec2409d4cc188db004e6d544') in 0.016947 seconds
Number of updated asset objects reloaded before import = 0
Number of asset objects unloaded after import = 1
========================================================================
Received Import Request.
  Time since last request: 0.000017 seconds.
  path: Assets/Plugins/SimpleFolderIcon/Icons/Fonts.png
  artifactKey: Guid(62ddbe7c7b650f349b033ff9fd3d0bff) Importer(2089858483,0ecaa5967403d082aa24f35e1b516d23)
Start importing Assets/Plugins/SimpleFolderIcon/Icons/Fonts.png using Guid(62ddbe7c7b650f349b033ff9fd3d0bff) Importer(2089858483,0ecaa5967403d082aa24f35e1b516d23)  -> (artifact id: 'ff929825a0c1b48052c8133634b46af9') in 0.020467 seconds
Number of updated asset objects reloaded before import = 0
Number of asset objects unloaded after import = 1
========================================================================
Received Import Request.
  Time since last request: 0.000014 seconds.
  path: Assets/Scripts/xBySCENES/Game/Items/Coin.cs
  artifactKey: Guid(62ce9a2cbac78c64c8f18eadead4310e) Importer(2089858483,0ecaa5967403d082aa24f35e1b516d23)
Start importing Assets/Scripts/xBySCENES/Game/Items/Coin.cs using Guid(62ce9a2cbac78c64c8f18eadead4310e) Importer(2089858483,0ecaa5967403d082aa24f35e1b516d23)  -> (artifact id: 'a3f26b6e3b0c66feadb12ca57fa3d1b8') in 0.012445 seconds
Number of updated asset objects reloaded before import = 0
Number of asset objects unloaded after import = 1
========================================================================
Received Import Request.
  Time since last request: 0.000015 seconds.
  path: Assets/Plugins/TextMesh Pro/Examples & Extras/Textures/Wipe Pattern - Diagonal.psd
  artifactKey: Guid(ed5290d8df18488780e2996b9b882f01) Importer(2089858483,0ecaa5967403d082aa24f35e1b516d23)
Start importing Assets/Plugins/TextMesh Pro/Examples & Extras/Textures/Wipe Pattern - Diagonal.psd using Guid(ed5290d8df18488780e2996b9b882f01) Importer(2089858483,0ecaa5967403d082aa24f35e1b516d23)  -> (artifact id: '044fe312ed9050ca51ed07f665706a43') in 0.031568 seconds
Number of updated asset objects reloaded before import = 0
Number of asset objects unloaded after import = 1
========================================================================
Received Import Request.
  Time since last request: 0.000019 seconds.
  path: Assets/Plugins/TextMesh Pro/Resources/Fonts & Materials/LiberationSans SDF - Outline.mat
  artifactKey: Guid(79459efec17a4d00a321bdcc27bbc385) Importer(2089858483,0ecaa5967403d082aa24f35e1b516d23)
Start importing Assets/Plugins/TextMesh Pro/Resources/Fonts & Materials/LiberationSans SDF - Outline.mat using Guid(79459efec17a4d00a321bdcc27bbc385) Importer(2089858483,0ecaa5967403d082aa24f35e1b516d23)  -> (artifact id: '8d95a15d3ce5388d5a266d9b792f7b8b') in 0.038037 seconds
Number of updated asset objects reloaded before import = 0
Number of asset objects unloaded after import = 2
========================================================================
Received Import Request.
  Time since last request: 0.000017 seconds.
  path: Assets/Plugins/TextMesh Pro/Examples & Extras/Textures/Floor Cement.jpg
  artifactKey: Guid(283f897e4925411ebbaa758b4cb13fc2) Importer(2089858483,0ecaa5967403d082aa24f35e1b516d23)
Start importing Assets/Plugins/TextMesh Pro/Examples & Extras/Textures/Floor Cement.jpg using Guid(283f897e4925411ebbaa758b4cb13fc2) Importer(2089858483,0ecaa5967403d082aa24f35e1b516d23)  -> (artifact id: 'da8deaa23960bab7bfbd8e9d2eff5545') in 0.029289 seconds
Number of updated asset objects reloaded before import = 0
Number of asset objects unloaded after import = 1
========================================================================
Received Import Request.
  Time since last request: 0.000098 seconds.
  path: Assets/Scripts/xBySCENES/Game/Items/Trampoline.cs
  artifactKey: Guid(2518ee237df176c459f53bcfe8009358) Importer(2089858483,0ecaa5967403d082aa24f35e1b516d23)
Start importing Assets/Scripts/xBySCENES/Game/Items/Trampoline.cs using Guid(2518ee237df176c459f53bcfe8009358) Importer(2089858483,0ecaa5967403d082aa24f35e1b516d23)  -> (artifact id: 'f68ac9740bc1cdf6e17aed7ef7ae499c') in 0.012637 seconds
Number of updated asset objects reloaded before import = 0
Number of asset objects unloaded after import = 1
========================================================================
Received Import Request.
  Time since last request: 0.000038 seconds.
  path: Assets/Plugins/TextMesh Pro/Examples & Extras/Textures/Mask Zig-n-Zag.psd
  artifactKey: Guid(bb8dfcd263ad4eb383a33d74a720be6f) Importer(2089858483,0ecaa5967403d082aa24f35e1b516d23)
Start importing Assets/Plugins/TextMesh Pro/Examples & Extras/Textures/Mask Zig-n-Zag.psd using Guid(bb8dfcd263ad4eb383a33d74a720be6f) Importer(2089858483,0ecaa5967403d082aa24f35e1b516d23)  -> (artifact id: '19e1dd3dae28e41cdf3afac9db2ff6ac') in 0.024196 seconds
Number of updated asset objects reloaded before import = 0
Number of asset objects unloaded after import = 1
========================================================================
Received Import Request.
  Time since last request: 0.000060 seconds.
  path: Assets/Plugins/TextMesh Pro/Examples & Extras/Textures/Sunny Days - Seamless.jpg
  artifactKey: Guid(17c350171f7a3ca479f830547c66d187) Importer(2089858483,0ecaa5967403d082aa24f35e1b516d23)
Start importing Assets/Plugins/TextMesh Pro/Examples & Extras/Textures/Sunny Days - Seamless.jpg using Guid(17c350171f7a3ca479f830547c66d187) Importer(2089858483,0ecaa5967403d082aa24f35e1b516d23)  -> (artifact id: '738b7a9f73a39baa3d650d348592b66e') in 0.024602 seconds
Number of updated asset objects reloaded before import = 0
Number of asset objects unloaded after import = 1
========================================================================
Received Import Request.
  Time since last request: 0.000064 seconds.
  path: Assets/Plugins/TextMesh Pro/Examples & Extras/Textures/Gradient Horizontal (Color).jpg
  artifactKey: Guid(6eb184de103d4b3f812b38561065192f) Importer(2089858483,0ecaa5967403d082aa24f35e1b516d23)
Start importing Assets/Plugins/TextMesh Pro/Examples & Extras/Textures/Gradient Horizontal (Color).jpg using Guid(6eb184de103d4b3f812b38561065192f) Importer(2089858483,0ecaa5967403d082aa24f35e1b516d23)  -> (artifact id: '19b1ed222906c6e7192c6012a5252ab4') in 0.023462 seconds
Number of updated asset objects reloaded before import = 0
Number of asset objects unloaded after import = 1
========================================================================
Received Import Request.
  Time since last request: 0.000032 seconds.
  path: Assets/Plugins/TextMesh Pro/Examples & Extras/Scripts/VertexZoom.cs
  artifactKey: Guid(52ec835d14bd486f900952b77698b7eb) Importer(2089858483,0ecaa5967403d082aa24f35e1b516d23)
Start importing Assets/Plugins/TextMesh Pro/Examples & Extras/Scripts/VertexZoom.cs using Guid(52ec835d14bd486f900952b77698b7eb) Importer(2089858483,0ecaa5967403d082aa24f35e1b516d23)  -> (artifact id: 'a20a50630afb2b84a5598e83e865b6d5') in 0.011074 seconds
Number of updated asset objects reloaded before import = 0
Number of asset objects unloaded after import = 1
========================================================================
Received Import Request.
  Time since last request: 0.000059 seconds.
  path: Assets/Plugins/TextMesh Pro/Examples & Extras/Scripts/VertexShakeB.cs
  artifactKey: Guid(e4e0d9ccee5f4950be8979268c9014e0) Importer(2089858483,0ecaa5967403d082aa24f35e1b516d23)
Start importing Assets/Plugins/TextMesh Pro/Examples & Extras/Scripts/VertexShakeB.cs using Guid(e4e0d9ccee5f4950be8979268c9014e0) Importer(2089858483,0ecaa5967403d082aa24f35e1b516d23)  -> (artifact id: 'e1623c4409f684e74daf13a094f93d60') in 0.013900 seconds
Number of updated asset objects reloaded before import = 0
Number of asset objects unloaded after import = 1
========================================================================
Received Import Request.
  Time since last request: 0.000049 seconds.
  path: Assets/Plugins/TextMesh Pro/Examples & Extras/Textures/Small Crate_normal.jpg
  artifactKey: Guid(8878a782f4334ecbbcf683b3ac780966) Importer(2089858483,0ecaa5967403d082aa24f35e1b516d23)
Start importing Assets/Plugins/TextMesh Pro/Examples & Extras/Textures/Small Crate_normal.jpg using Guid(8878a782f4334ecbbcf683b3ac780966) Importer(2089858483,0ecaa5967403d082aa24f35e1b516d23)  -> (artifact id: '9e7b17b7ae6352fb021fafd76c069e89') in 0.027398 seconds
Number of updated asset objects reloaded before import = 0
Number of asset objects unloaded after import = 1
========================================================================
Received Import Request.
  Time since last request: 0.000019 seconds.
  path: Assets/Scripts/xBySCENES/Game/Platforms/FloorGenerator.cs
  artifactKey: Guid(1893d1cc9c078c749ab14a24d3589c8c) Importer(2089858483,0ecaa5967403d082aa24f35e1b516d23)
Start importing Assets/Scripts/xBySCENES/Game/Platforms/FloorGenerator.cs using Guid(1893d1cc9c078c749ab14a24d3589c8c) Importer(2089858483,0ecaa5967403d082aa24f35e1b516d23)  -> (artifact id: '981dd50e5d22d2efb28ebe11eaca3c18') in 0.012786 seconds
Number of updated asset objects reloaded before import = 0
Number of asset objects unloaded after import = 1
========================================================================
Received Import Request.
  Time since last request: 0.000021 seconds.
  path: Assets/Plugins/TextMesh Pro/Examples & Extras/Textures/Wipe Pattern - Circle.psd
  artifactKey: Guid(10c49fcd9c64421db7c0133e61e55f97) Importer(2089858483,0ecaa5967403d082aa24f35e1b516d23)
Start importing Assets/Plugins/TextMesh Pro/Examples & Extras/Textures/Wipe Pattern - Circle.psd using Guid(10c49fcd9c64421db7c0133e61e55f97) Importer(2089858483,0ecaa5967403d082aa24f35e1b516d23)  -> (artifact id: '3f39f55eb0a30fb31008693ff0f39bd5') in 0.024020 seconds
Number of updated asset objects reloaded before import = 0
Number of asset objects unloaded after import = 1
========================================================================
Received Import Request.
  Time since last request: 0.000019 seconds.
  path: Assets/Plugins/TextMesh Pro/Examples & Extras/Sprites/Default Sprites.png
  artifactKey: Guid(a0fc465d6cf04254a2938578735e2383) Importer(2089858483,0ecaa5967403d082aa24f35e1b516d23)
Start importing Assets/Plugins/TextMesh Pro/Examples & Extras/Sprites/Default Sprites.png using Guid(a0fc465d6cf04254a2938578735e2383) Importer(2089858483,0ecaa5967403d082aa24f35e1b516d23)  -> (artifact id: '850a4886bfd1ab71ff32cc81c0d3fc5a') in 0.033278 seconds
Number of updated asset objects reloaded before import = 0
Number of asset objects unloaded after import = 1
========================================================================
Received Import Request.
  Time since last request: 0.000029 seconds.
  path: Assets/GoogleMobileAds/GoogleMobileAds.dll
  artifactKey: Guid(b251d35e618a42e085fb4a5a888d05cd) Importer(2089858483,0ecaa5967403d082aa24f35e1b516d23)
Start importing Assets/GoogleMobileAds/GoogleMobileAds.dll using Guid(b251d35e618a42e085fb4a5a888d05cd) Importer(2089858483,0ecaa5967403d082aa24f35e1b516d23)  -> (artifact id: '42631189d89b0539d12e95f7f207adb9') in 0.012464 seconds
Number of updated asset objects reloaded before import = 0
Number of asset objects unloaded after import = 1
========================================================================
Received Import Request.
  Time since last request: 0.000016 seconds.
  path: Assets/Textures/AppTextures/Special Offer logo copy.png
  artifactKey: Guid(9a6a31ff16a21774eb9c78e51a656f64) Importer(2089858483,0ecaa5967403d082aa24f35e1b516d23)
Start importing Assets/Textures/AppTextures/Special Offer logo copy.png using Guid(9a6a31ff16a21774eb9c78e51a656f64) Importer(2089858483,0ecaa5967403d082aa24f35e1b516d23)  -> (artifact id: '91173070ac21c4d064f72e3e88539234') in 0.024599 seconds
Number of updated asset objects reloaded before import = 0
Number of asset objects unloaded after import = 3
========================================================================
Received Import Request.
  Time since last request: 0.000017 seconds.
  path: Assets/Audio/CasualGameSounds/DM-CGS-11.wav
  artifactKey: Guid(a0010a1a0c474473b81729eb770c485f) Importer(2089858483,0ecaa5967403d082aa24f35e1b516d23)
Start importing Assets/Audio/CasualGameSounds/DM-CGS-11.wav using Guid(a0010a1a0c474473b81729eb770c485f) Importer(2089858483,0ecaa5967403d082aa24f35e1b516d23)  -> (artifact id: '71264e591007aa33c1f4cf71b3d07fe8') in 0.086883 seconds
Number of updated asset objects reloaded before import = 0
Number of asset objects unloaded after import = 1
========================================================================
Received Import Request.
  Time since last request: 0.000037 seconds.
  path: Assets/Plugins/TextMesh Pro/Resources/Style Sheets/Default Style Sheet.asset
  artifactKey: Guid(f952c082cb03451daed3ee968ac6c63e) Importer(2089858483,0ecaa5967403d082aa24f35e1b516d23)
Start importing Assets/Plugins/TextMesh Pro/Resources/Style Sheets/Default Style Sheet.asset using Guid(f952c082cb03451daed3ee968ac6c63e) Importer(2089858483,0ecaa5967403d082aa24f35e1b516d23)  -> (artifact id: '2d04c7a3ae6ae1145a4b430c4170cc10') in 0.013125 seconds
Number of updated asset objects reloaded before import = 0
Number of asset objects unloaded after import = 1
========================================================================
Received Import Request.
  Time since last request: 0.000018 seconds.
  path: Assets/Plugins/TextMesh Pro/Examples & Extras/Scenes/25 - Sunny Days Example.unity
  artifactKey: Guid(f9b4c22e15cff344ba9fc6542a58dd07) Importer(2089858483,0ecaa5967403d082aa24f35e1b516d23)
Start importing Assets/Plugins/TextMesh Pro/Examples & Extras/Scenes/25 - Sunny Days Example.unity using Guid(f9b4c22e15cff344ba9fc6542a58dd07) Importer(2089858483,0ecaa5967403d082aa24f35e1b516d23)  -> (artifact id: '07e2cf3beebb1757f4aea6bf11ed9369') in 0.010431 seconds
Number of updated asset objects reloaded before import = 0
Number of asset objects unloaded after import = 1
========================================================================
Received Import Request.
  Time since last request: 0.000032 seconds.
  path: Assets/Plugins/SimpleFolderIcon/Icons/Shaders.png
  artifactKey: Guid(2bc839d7e3db2bf478572af026c7b8b4) Importer(2089858483,0ecaa5967403d082aa24f35e1b516d23)
Start importing Assets/Plugins/SimpleFolderIcon/Icons/Shaders.png using Guid(2bc839d7e3db2bf478572af026c7b8b4) Importer(2089858483,0ecaa5967403d082aa24f35e1b516d23)  -> (artifact id: 'a366bddd84a3a37d92ee032f8fbdc412') in 0.021640 seconds
Number of updated asset objects reloaded before import = 0
Number of asset objects unloaded after import = 1
========================================================================
Received Import Request.
  Time since last request: 0.000021 seconds.
  path: Assets/Plugins/TextMesh Pro/Examples & Extras/Resources/Color Gradient Presets/Yellow to Orange - Vertical.asset
  artifactKey: Guid(69a525efa7e6472eab268f6ea605f06e) Importer(2089858483,0ecaa5967403d082aa24f35e1b516d23)
Start importing Assets/Plugins/TextMesh Pro/Examples & Extras/Resources/Color Gradient Presets/Yellow to Orange - Vertical.asset using Guid(69a525efa7e6472eab268f6ea605f06e) Importer(2089858483,0ecaa5967403d082aa24f35e1b516d23)  -> (artifact id: '1e56882b636b66419a836f9514b52209') in 0.015598 seconds
Number of updated asset objects reloaded before import = 0
Number of asset objects unloaded after import = 1
========================================================================
Received Import Request.
  Time since last request: 0.000018 seconds.
  path: Assets/Plugins/TextMesh Pro/Examples & Extras/Resources/Color Gradient Presets/Blue to Purple - Vertical.asset
  artifactKey: Guid(479a66fa4b094512a62b0a8e553ad95a) Importer(2089858483,0ecaa5967403d082aa24f35e1b516d23)
Start importing Assets/Plugins/TextMesh Pro/Examples & Extras/Resources/Color Gradient Presets/Blue to Purple - Vertical.asset using Guid(479a66fa4b094512a62b0a8e553ad95a) Importer(2089858483,0ecaa5967403d082aa24f35e1b516d23)  -> (artifact id: 'c649a59fd44db2f3c83c19ac9e12ff51') in 0.013380 seconds
Number of updated asset objects reloaded before import = 0
Number of asset objects unloaded after import = 1
========================================================================
Received Import Request.
  Time since last request: 0.000017 seconds.
  path: Assets/Plugins/TextMesh Pro/Examples & Extras/Resources/Fonts & Materials/Anton SDF - Outline.mat
  artifactKey: Guid(a00013af81304728b2be1f4309ee2433) Importer(2089858483,0ecaa5967403d082aa24f35e1b516d23)
Start importing Assets/Plugins/TextMesh Pro/Examples & Extras/Resources/Fonts & Materials/Anton SDF - Outline.mat using Guid(a00013af81304728b2be1f4309ee2433) Importer(2089858483,0ecaa5967403d082aa24f35e1b516d23)  -> (artifact id: '35409e0331d81abfd765d9b74b89cd75') in 0.021768 seconds
Number of updated asset objects reloaded before import = 0
Number of asset objects unloaded after import = 2
========================================================================
Received Import Request.
  Time since last request: 0.000016 seconds.
  path: Assets/GoogleMobileAds/Editor/Resources/PlaceholderAds/Banners/SMART_BANNER.prefab
  artifactKey: Guid(15069cdc38e2b41f7836116419a9187c) Importer(2089858483,0ecaa5967403d082aa24f35e1b516d23)
Start importing Assets/GoogleMobileAds/Editor/Resources/PlaceholderAds/Banners/SMART_BANNER.prefab using Guid(15069cdc38e2b41f7836116419a9187c) Importer(2089858483,0ecaa5967403d082aa24f35e1b516d23)  -> (artifact id: 'eab97fbf353bd3190bb3edc35873910e') in 0.032513 seconds
Number of updated asset objects reloaded before import = 0
Number of asset objects unloaded after import = 16
========================================================================
Received Import Request.
  Time since last request: 0.000018 seconds.
  path: Assets/Scripts/xBySCENES/Game/Player/PlayerMovement.cs
  artifactKey: Guid(9659f84eb6104294e89daafd250e1023) Importer(2089858483,0ecaa5967403d082aa24f35e1b516d23)
Start importing Assets/Scripts/xBySCENES/Game/Player/PlayerMovement.cs using Guid(9659f84eb6104294e89daafd250e1023) Importer(2089858483,0ecaa5967403d082aa24f35e1b516d23)  -> (artifact id: 'f7f04613da899a8eb5b0291c87a0d435') in 0.014260 seconds
Number of updated asset objects reloaded before import = 0
Number of asset objects unloaded after import = 1
========================================================================
Received Import Request.
  Time since last request: 0.000042 seconds.
  path: Assets/GoogleMobileAds/Editor/Resources/PlaceholderAds/AdInspector/768x1024.prefab
  artifactKey: Guid(d09dfea4c722a4e239e771200d3639cc) Importer(2089858483,0ecaa5967403d082aa24f35e1b516d23)
Start importing Assets/GoogleMobileAds/Editor/Resources/PlaceholderAds/AdInspector/768x1024.prefab using Guid(d09dfea4c722a4e239e771200d3639cc) Importer(2089858483,0ecaa5967403d082aa24f35e1b516d23)  -> (artifact id: '96b37663d36d1a90d0f809c9612d26c6') in 0.016932 seconds
Number of updated asset objects reloaded before import = 0
Number of asset objects unloaded after import = 26
========================================================================
Received Import Request.
  Time since last request: 0.000014 seconds.
  path: Assets/GoogleMobileAds/Editor/Resources/PlaceholderAds/Banners/LARGE_BANNER.prefab
  artifactKey: Guid(2758392ec5c0c413886eaf50350c125e) Importer(2089858483,0ecaa5967403d082aa24f35e1b516d23)
Start importing Assets/GoogleMobileAds/Editor/Resources/PlaceholderAds/Banners/LARGE_BANNER.prefab using Guid(2758392ec5c0c413886eaf50350c125e) Importer(2089858483,0ecaa5967403d082aa24f35e1b516d23)  -> (artifact id: '95bb30ba205b1b26f5761463e8e4ea71') in 0.022249 seconds
Number of updated asset objects reloaded before import = 0
Number of asset objects unloaded after import = 13
========================================================================
Received Import Request.
  Time since last request: 0.000017 seconds.
  path: Assets/Scripts/xBySCENES/Game/Platforms/ResolutionScale.cs
  artifactKey: Guid(b561a7215ece8494b87d2f9014d5b46e) Importer(2089858483,0ecaa5967403d082aa24f35e1b516d23)
Start importing Assets/Scripts/xBySCENES/Game/Platforms/ResolutionScale.cs using Guid(b561a7215ece8494b87d2f9014d5b46e) Importer(2089858483,0ecaa5967403d082aa24f35e1b516d23)  -> (artifact id: '2fdd9c9970119a0735befad3e55f7179') in 0.012011 seconds
Number of updated asset objects reloaded before import = 0
Number of asset objects unloaded after import = 1
========================================================================
Received Import Request.
  Time since last request: 0.000032 seconds.
  path: Assets/Plugins/TextMesh Pro/Examples & Extras/Resources/Fonts & Materials/Anton SDF - Drop Shadow.mat
  artifactKey: Guid(749b9069dc4742c5bfa5c74644049926) Importer(2089858483,0ecaa5967403d082aa24f35e1b516d23)
Start importing Assets/Plugins/TextMesh Pro/Examples & Extras/Resources/Fonts & Materials/Anton SDF - Drop Shadow.mat using Guid(749b9069dc4742c5bfa5c74644049926) Importer(2089858483,0ecaa5967403d082aa24f35e1b516d23)  -> (artifact id: '0d88eb97aa9f97e7ffe6a7ebdad6fd08') in 0.018664 seconds
Number of updated asset objects reloaded before import = 0
Number of asset objects unloaded after import = 2
========================================================================
Received Import Request.
  Time since last request: 0.000025 seconds.
  path: Assets/GoogleMobileAds/Editor/Resources/PlaceholderAds/Interstitials/768x1024.prefab
  artifactKey: Guid(9e579ef4793d34e79be6a216c0b67d78) Importer(2089858483,0ecaa5967403d082aa24f35e1b516d23)
Start importing Assets/GoogleMobileAds/Editor/Resources/PlaceholderAds/Interstitials/768x1024.prefab using Guid(9e579ef4793d34e79be6a216c0b67d78) Importer(2089858483,0ecaa5967403d082aa24f35e1b516d23)  -> (artifact id: 'ed30502b29c822110fbe5091fdc94e8e') in 0.017497 seconds
Number of updated asset objects reloaded before import = 0
Number of asset objects unloaded after import = 26
========================================================================
Received Import Request.
  Time since last request: 0.000028 seconds.
  path: Assets/GoogleMobileAds/Editor/Resources/PlaceholderAds/AdImages/728x90.png
  artifactKey: Guid(cfead63ff9d9d48e2b4ba3c2dee7cea9) Importer(2089858483,0ecaa5967403d082aa24f35e1b516d23)
Start importing Assets/GoogleMobileAds/Editor/Resources/PlaceholderAds/AdImages/728x90.png using Guid(cfead63ff9d9d48e2b4ba3c2dee7cea9) Importer(2089858483,0ecaa5967403d082aa24f35e1b516d23)  -> (artifact id: '152e334342384964179f0570bf75fff2') in 0.026190 seconds
Number of updated asset objects reloaded before import = 0
Number of asset objects unloaded after import = 3
========================================================================
Received Import Request.
  Time since last request: 0.000021 seconds.
  path: Assets/Scripts/xBySCENES/Game/Player/PlayerCollision.cs
  artifactKey: Guid(115f5d587257d4f40a92875c5e588b63) Importer(2089858483,0ecaa5967403d082aa24f35e1b516d23)
Start importing Assets/Scripts/xBySCENES/Game/Player/PlayerCollision.cs using Guid(115f5d587257d4f40a92875c5e588b63) Importer(2089858483,0ecaa5967403d082aa24f35e1b516d23)  -> (artifact id: 'bd108aba171fb95cb43b42fa2d1bcd35') in 0.011265 seconds
Number of updated asset objects reloaded before import = 0
Number of asset objects unloaded after import = 1
========================================================================
Received Import Request.
  Time since last request: 0.000019 seconds.
  path: Assets/GoogleMobileAds/Editor/Resources/PlaceholderAds/AppOpen/1024x768.prefab
  artifactKey: Guid(30454d768d0994255b52eafa89dad8e2) Importer(2089858483,0ecaa5967403d082aa24f35e1b516d23)
Start importing Assets/GoogleMobileAds/Editor/Resources/PlaceholderAds/AppOpen/1024x768.prefab using Guid(30454d768d0994255b52eafa89dad8e2) Importer(2089858483,0ecaa5967403d082aa24f35e1b516d23)  -> (artifact id: '2d1f54097d06fb7ba2cd6347d90edbe2') in 0.019919 seconds
Number of updated asset objects reloaded before import = 0
Number of asset objects unloaded after import = 26
========================================================================
Received Import Request.
  Time since last request: 0.000018 seconds.
  path: Assets/GoogleMobileAds/Editor/Resources/PlaceholderAds/AdImages/768x1024.png
  artifactKey: Guid(8a53f9c63a5e94b14a98698a7b07365b) Importer(2089858483,0ecaa5967403d082aa24f35e1b516d23)
Start importing Assets/GoogleMobileAds/Editor/Resources/PlaceholderAds/AdImages/768x1024.png using Guid(8a53f9c63a5e94b14a98698a7b07365b) Importer(2089858483,0ecaa5967403d082aa24f35e1b516d23)  -> (artifact id: 'e1a5e8bb407b7b328d38c353d7efdecc') in 0.032145 seconds
Number of updated asset objects reloaded before import = 0
Number of asset objects unloaded after import = 3
========================================================================
Received Import Request.
  Time since last request: 0.000021 seconds.
  path: Assets/Plugins/TextMesh Pro/Examples & Extras/Resources/Color Gradient Presets/Dark to Light Green - Vertical.asset
  artifactKey: Guid(4c86a3366cd840348ebe8dc438570ee4) Importer(2089858483,0ecaa5967403d082aa24f35e1b516d23)
Start importing Assets/Plugins/TextMesh Pro/Examples & Extras/Resources/Color Gradient Presets/Dark to Light Green - Vertical.asset using Guid(4c86a3366cd840348ebe8dc438570ee4) Importer(2089858483,0ecaa5967403d082aa24f35e1b516d23)  -> (artifact id: '39bb37f0b5abfd0c0845dae1deda19e9') in 0.012201 seconds
Number of updated asset objects reloaded before import = 0
Number of asset objects unloaded after import = 1
========================================================================
Received Import Request.
  Time since last request: 0.000015 seconds.
  path: Assets/GoogleMobileAds/Editor/Resources/PlaceholderAds/AdImages/320x100.png
  artifactKey: Guid(1a2723ddf964e4565a408007ab387283) Importer(2089858483,0ecaa5967403d082aa24f35e1b516d23)
Start importing Assets/GoogleMobileAds/Editor/Resources/PlaceholderAds/AdImages/320x100.png using Guid(1a2723ddf964e4565a408007ab387283) Importer(2089858483,0ecaa5967403d082aa24f35e1b516d23)  -> (artifact id: '9ae3df9aadaa6f9705810458450e0841') in 0.030994 seconds
Number of updated asset objects reloaded before import = 0
Number of asset objects unloaded after import = 3
========================================================================
Received Import Request.
  Time since last request: 0.000018 seconds.
  path: Assets/GoogleMobileAds/Editor/Resources/PlaceholderAds/Banners/CENTER.prefab
  artifactKey: Guid(452d0eeb28d68420d95c05a6712689be) Importer(2089858483,0ecaa5967403d082aa24f35e1b516d23)
Start importing Assets/GoogleMobileAds/Editor/Resources/PlaceholderAds/Banners/CENTER.prefab using Guid(452d0eeb28d68420d95c05a6712689be) Importer(2089858483,0ecaa5967403d082aa24f35e1b516d23)  -> (artifact id: '9708eb5018a5b593c4d35362b8e97fb6') in 0.020811 seconds
Number of updated asset objects reloaded before import = 0
Number of asset objects unloaded after import = 16
========================================================================
Received Import Request.
  Time since last request: 0.000033 seconds.
  path: Assets/GoogleMobileAds/Editor/Resources/PlaceholderAds/AdImages/1024x768.png
  artifactKey: Guid(4c69db43dbd474a2987be5807129b4cc) Importer(2089858483,0ecaa5967403d082aa24f35e1b516d23)
Start importing Assets/GoogleMobileAds/Editor/Resources/PlaceholderAds/AdImages/1024x768.png using Guid(4c69db43dbd474a2987be5807129b4cc) Importer(2089858483,0ecaa5967403d082aa24f35e1b516d23)  -> (artifact id: 'b7a77425d9a9cf5fa5682864cbb2eadd') in 0.036829 seconds
Number of updated asset objects reloaded before import = 0
Number of asset objects unloaded after import = 3
========================================================================
Received Import Request.
  Time since last request: 0.000017 seconds.
  path: Assets/Plugins/TextMesh Pro/Examples & Extras/Resources/Color Gradient Presets/Light to Dark Green - Vertical.asset
  artifactKey: Guid(5cf8ae092ca54931b443bec5148f3c59) Importer(2089858483,0ecaa5967403d082aa24f35e1b516d23)
Start importing Assets/Plugins/TextMesh Pro/Examples & Extras/Resources/Color Gradient Presets/Light to Dark Green - Vertical.asset using Guid(5cf8ae092ca54931b443bec5148f3c59) Importer(2089858483,0ecaa5967403d082aa24f35e1b516d23)  -> (artifact id: 'b46df4b99d2650870a9be96888cf2425') in 0.014516 seconds
Number of updated asset objects reloaded before import = 0
Number of asset objects unloaded after import = 1
========================================================================
Received Import Request.
  Time since last request: 0.000016 seconds.
  path: Assets/Animations/ShopButton/Clicked1.anim
  artifactKey: Guid(45827d080473ffe44abc05b06bdd6106) Importer(2089858483,0ecaa5967403d082aa24f35e1b516d23)
Start importing Assets/Animations/ShopButton/Clicked1.anim using Guid(45827d080473ffe44abc05b06bdd6106) Importer(2089858483,0ecaa5967403d082aa24f35e1b516d23)  -> (artifact id: '62bbf4500bbf8e6f1c09d843fd120b66') in 0.012470 seconds
Number of updated asset objects reloaded before import = 0
Number of asset objects unloaded after import = 1
========================================================================
Received Import Request.
  Time since last request: 0.000027 seconds.
  path: Assets/Textures/AppTextures/Red Box 1.1.png
  artifactKey: Guid(14db64f1dd8c50b469d6f1c14b8a8e64) Importer(2089858483,0ecaa5967403d082aa24f35e1b516d23)
Start importing Assets/Textures/AppTextures/Red Box 1.1.png using Guid(14db64f1dd8c50b469d6f1c14b8a8e64) Importer(2089858483,0ecaa5967403d082aa24f35e1b516d23)  -> (artifact id: '561ca5938b160c1da69bee748f48d356') in 0.034390 seconds
Number of updated asset objects reloaded before import = 0
Number of asset objects unloaded after import = 3
========================================================================
Received Import Request.
  Time since last request: 0.000021 seconds.
  path: Assets/Textures/AppTextures/Red Box DROP.png
  artifactKey: Guid(d15495adfc3091645af3aab7177690cf) Importer(2089858483,0ecaa5967403d082aa24f35e1b516d23)
Start importing Assets/Textures/AppTextures/Red Box DROP.png using Guid(d15495adfc3091645af3aab7177690cf) Importer(2089858483,0ecaa5967403d082aa24f35e1b516d23)  -> (artifact id: '3fd881ddd6395973214a6c92e47bebd5') in 0.028572 seconds
Number of updated asset objects reloaded before import = 0
Number of asset objects unloaded after import = 3
========================================================================
Received Import Request.
  Time since last request: 0.000325 seconds.
  path: Assets/Audio/CasualGameSounds/DM-CGS-32.wav
  artifactKey: Guid(29bde6326b4c34ad8a12da475f79b50a) Importer(2089858483,0ecaa5967403d082aa24f35e1b516d23)
Start importing Assets/Audio/CasualGameSounds/DM-CGS-32.wav using Guid(29bde6326b4c34ad8a12da475f79b50a) Importer(2089858483,0ecaa5967403d082aa24f35e1b516d23)  -> (artifact id: '84ceee39cb5c90e7a0c1f18fc0b15c4a') in 0.080593 seconds
Number of updated asset objects reloaded before import = 0
Number of asset objects unloaded after import = 1
========================================================================
Received Import Request.
  Time since last request: 0.000021 seconds.
  path: Assets/Plugins/TextMesh Pro/Examples & Extras/Resources/Fonts & Materials/LiberationSans SDF - Metalic Green.mat
  artifactKey: Guid(8b29aaa3eec7468097ff07adfcf29ac9) Importer(2089858483,0ecaa5967403d082aa24f35e1b516d23)
Start importing Assets/Plugins/TextMesh Pro/Examples & Extras/Resources/Fonts & Materials/LiberationSans SDF - Metalic Green.mat using Guid(8b29aaa3eec7468097ff07adfcf29ac9) Importer(2089858483,0ecaa5967403d082aa24f35e1b516d23)  -> (artifact id: 'fc5b1431005cf60a0d707786f2ef8acc') in 0.043222 seconds
Number of updated asset objects reloaded before import = 0
Number of asset objects unloaded after import = 4
========================================================================
Received Import Request.
  Time since last request: 0.000018 seconds.
  path: Assets/Plugins/TextMesh Pro/Examples & Extras/Resources/Sprite Assets/DropCap Numbers.asset
  artifactKey: Guid(14aa93acbb234d16aaef0e8b46814db6) Importer(2089858483,0ecaa5967403d082aa24f35e1b516d23)
Start importing Assets/Plugins/TextMesh Pro/Examples & Extras/Resources/Sprite Assets/DropCap Numbers.asset using Guid(14aa93acbb234d16aaef0e8b46814db6) Importer(2089858483,0ecaa5967403d082aa24f35e1b516d23)  -> (artifact id: '0ee80a87d86bf39e2e242836d3d4eac6') in 0.022531 seconds
Number of updated asset objects reloaded before import = 0
Number of asset objects unloaded after import = 3
========================================================================
Received Import Request.
  Time since last request: 0.000016 seconds.
  path: Assets/Plugins/TextMesh Pro/Examples & Extras/Resources/Fonts & Materials/Roboto-Bold SDF.asset
  artifactKey: Guid(5302535af1044152a457ed104f1f4b91) Importer(2089858483,0ecaa5967403d082aa24f35e1b516d23)
Start importing Assets/Plugins/TextMesh Pro/Examples & Extras/Resources/Fonts & Materials/Roboto-Bold SDF.asset using Guid(5302535af1044152a457ed104f1f4b91) Importer(2089858483,0ecaa5967403d082aa24f35e1b516d23)  -> (artifact id: '3299b4301d6f3cb765438f1bb48f6336') in 0.032604 seconds
Number of updated asset objects reloaded before import = 0
Number of asset objects unloaded after import = 5
========================================================================
Received Import Request.
  Time since last request: 0.000023 seconds.
  path: Assets/Plugins/TextMesh Pro/Examples & Extras/Resources/Fonts & Materials/Electronic Highway Sign SDF.asset
  artifactKey: Guid(dc36b3fdc14f47ebb36fd484a67e268a) Importer(2089858483,0ecaa5967403d082aa24f35e1b516d23)
Start importing Assets/Plugins/TextMesh Pro/Examples & Extras/Resources/Fonts & Materials/Electronic Highway Sign SDF.asset using Guid(dc36b3fdc14f47ebb36fd484a67e268a) Importer(2089858483,0ecaa5967403d082aa24f35e1b516d23)  -> (artifact id: '370b7d9432d68c504ab15aa5b98f394d') in 0.022768 seconds
Number of updated asset objects reloaded before import = 0
Number of asset objects unloaded after import = 5
========================================================================
Received Import Request.
  Time since last request: 0.000021 seconds.
  path: Assets/GoogleMobileAds/Editor/Resources/PlaceholderAds/Rewarded/1024x768.prefab
  artifactKey: Guid(ac0a546bb4fb349229fc5824b288ec00) Importer(2089858483,0ecaa5967403d082aa24f35e1b516d23)
Start importing Assets/GoogleMobileAds/Editor/Resources/PlaceholderAds/Rewarded/1024x768.prefab using Guid(ac0a546bb4fb349229fc5824b288ec00) Importer(2089858483,0ecaa5967403d082aa24f35e1b516d23)  -> (artifact id: 'e54816fa05e712ff6155a4933b9d040d') in 0.020341 seconds
Number of updated asset objects reloaded before import = 0
Number of asset objects unloaded after import = 30
========================================================================
Received Import Request.
  Time since last request: 0.000017 seconds.
  path: Assets/Audio/CasualGameSounds/DM-CGS-24.wav
  artifactKey: Guid(657578e4be6b64dbf9b09deada272e55) Importer(2089858483,0ecaa5967403d082aa24f35e1b516d23)
Start importing Assets/Audio/CasualGameSounds/DM-CGS-24.wav using Guid(657578e4be6b64dbf9b09deada272e55) Importer(2089858483,0ecaa5967403d082aa24f35e1b516d23)  -> (artifact id: '471fe4ba8de863284aa1047354b1b19f') in 0.069586 seconds
Number of updated asset objects reloaded before import = 0
Number of asset objects unloaded after import = 1
========================================================================
Received Import Request.
  Time since last request: 0.000119 seconds.
  path: Assets/Audio/Music Tracks/InfiniteDoors.wav
  artifactKey: Guid(5059413ec429c4507bb7bca2286fad19) Importer(2089858483,0ecaa5967403d082aa24f35e1b516d23)
Start importing Assets/Audio/Music Tracks/InfiniteDoors.wav using Guid(5059413ec429c4507bb7bca2286fad19) Importer(2089858483,0ecaa5967403d082aa24f35e1b516d23)  -> (artifact id: '5f9affc806269d37aa9034d2d7771e0c') in 0.622997 seconds
Number of updated asset objects reloaded before import = 0
Number of asset objects unloaded after import = 1
========================================================================
Received Import Request.
  Time since last request: 0.000020 seconds.
  path: Assets/Plugins/TextMesh Pro/Examples & Extras/Scenes/10 - Bullets & Numbered List Example.unity
  artifactKey: Guid(c3f814e1d12c45568daf3dd9a86a0e61) Importer(2089858483,0ecaa5967403d082aa24f35e1b516d23)
Start importing Assets/Plugins/TextMesh Pro/Examples & Extras/Scenes/10 - Bullets & Numbered List Example.unity using Guid(c3f814e1d12c45568daf3dd9a86a0e61) Importer(2089858483,0ecaa5967403d082aa24f35e1b516d23)  -> (artifact id: '2ffa443e6676f3fea1472b253ed961b9') in 0.010680 seconds
Number of updated asset objects reloaded before import = 0
Number of asset objects unloaded after import = 1
========================================================================
Received Import Request.
  Time since last request: 0.000034 seconds.
  path: Assets/Plugins/TextMesh Pro/Examples & Extras/Scenes/05 - Style Tags.unity
  artifactKey: Guid(70615243e2be4a81afaab9bf5d273d65) Importer(2089858483,0ecaa5967403d082aa24f35e1b516d23)
Start importing Assets/Plugins/TextMesh Pro/Examples & Extras/Scenes/05 - Style Tags.unity using Guid(70615243e2be4a81afaab9bf5d273d65) Importer(2089858483,0ecaa5967403d082aa24f35e1b516d23)  -> (artifact id: '1ffb66a15b217569da8bc812325883cf') in 0.012461 seconds
Number of updated asset objects reloaded before import = 0
Number of asset objects unloaded after import = 1
========================================================================
Received Import Request.
  Time since last request: 0.000020 seconds.
  path: Assets/Plugins/TextMesh Pro/Fonts/LiberationSans - OFL.txt
  artifactKey: Guid(6e59c59b81ab47f9b6ec5781fa725d2c) Importer(2089858483,0ecaa5967403d082aa24f35e1b516d23)
Start importing Assets/Plugins/TextMesh Pro/Fonts/LiberationSans - OFL.txt using Guid(6e59c59b81ab47f9b6ec5781fa725d2c) Importer(2089858483,0ecaa5967403d082aa24f35e1b516d23)  -> (artifact id: '72d34c498e100582a825c34e366117d2') in 0.016816 seconds
Number of updated asset objects reloaded before import = 0
Number of asset objects unloaded after import = 1
========================================================================
Received Import Request.
  Time since last request: 0.000048 seconds.
  path: Assets/Textures/AppTextures/Eggs/Star Egg.png
  artifactKey: Guid(9a2b2ced2c9216147a81e032d4e95362) Importer(2089858483,0ecaa5967403d082aa24f35e1b516d23)
Start importing Assets/Textures/AppTextures/Eggs/Star Egg.png using Guid(9a2b2ced2c9216147a81e032d4e95362) Importer(2089858483,0ecaa5967403d082aa24f35e1b516d23)  -> (artifact id: '3784ecc8e0b1de368f9b65ba681a2998') in 0.024865 seconds
Number of updated asset objects reloaded before import = 0
Number of asset objects unloaded after import = 3
========================================================================
Received Import Request.
  Time since last request: 0.000020 seconds.
  path: Assets/Plugins/Android/AndroidManifest.xml
  artifactKey: Guid(4b4848abe3a7b7843adb4bd839e18324) Importer(2089858483,0ecaa5967403d082aa24f35e1b516d23)
Start importing Assets/Plugins/Android/AndroidManifest.xml using Guid(4b4848abe3a7b7843adb4bd839e18324) Importer(2089858483,0ecaa5967403d082aa24f35e1b516d23)  -> (artifact id: '7630f34333f56a429ccd9187027361d6') in 0.018221 seconds
Number of updated asset objects reloaded before import = 0
Number of asset objects unloaded after import = 1
========================================================================
Received Import Request.
  Time since last request: 0.000018 seconds.
  path: Assets/Scripts/xxx/TabGroup.cs
  artifactKey: Guid(70363a196d47c2748af755e519fb941c) Importer(2089858483,0ecaa5967403d082aa24f35e1b516d23)
Start importing Assets/Scripts/xxx/TabGroup.cs using Guid(70363a196d47c2748af755e519fb941c) Importer(2089858483,0ecaa5967403d082aa24f35e1b516d23)  -> (artifact id: '54a7494f1c90ab1061435942dc0d2b00') in 0.009762 seconds
Number of updated asset objects reloaded before import = 0
Number of asset objects unloaded after import = 1
========================================================================
Received Import Request.
  Time since last request: 0.000028 seconds.
  path: Assets/Scripts/Ads/RewardAfterAd.cs
  artifactKey: Guid(a1d3260e3abc3494298462637784966b) Importer(2089858483,0ecaa5967403d082aa24f35e1b516d23)
Start importing Assets/Scripts/Ads/RewardAfterAd.cs using Guid(a1d3260e3abc3494298462637784966b) Importer(2089858483,0ecaa5967403d082aa24f35e1b516d23)  -> (artifact id: 'dd770bc53dca21443d643a86ba4c6d74') in 0.009605 seconds
Number of updated asset objects reloaded before import = 0
Number of asset objects unloaded after import = 1
========================================================================
Received Import Request.
  Time since last request: 0.000018 seconds.
  path: Assets/Plugins/SimpleFolderIcon/Icons/Animations.png
  artifactKey: Guid(eab75b706f70aca43b8ff64634c515ee) Importer(2089858483,0ecaa5967403d082aa24f35e1b516d23)
Start importing Assets/Plugins/SimpleFolderIcon/Icons/Animations.png using Guid(eab75b706f70aca43b8ff64634c515ee) Importer(2089858483,0ecaa5967403d082aa24f35e1b516d23)  -> (artifact id: '2688d32b55e2eb9aa15556e2732b4382') in 0.024904 seconds
Number of updated asset objects reloaded before import = 0
Number of asset objects unloaded after import = 1
========================================================================
Received Import Request.
  Time since last request: 0.000022 seconds.
  path: Assets/GoogleMobileAds/GoogleMobileAds.Android.dll
  artifactKey: Guid(9daf61812a464faa90dec7f977094a88) Importer(2089858483,0ecaa5967403d082aa24f35e1b516d23)
Start importing Assets/GoogleMobileAds/GoogleMobileAds.Android.dll using Guid(9daf61812a464faa90dec7f977094a88) Importer(2089858483,0ecaa5967403d082aa24f35e1b516d23)  -> (artifact id: '277a564dd1dfe6ed52f570b5e18f1a42') in 0.014743 seconds
Number of updated asset objects reloaded before import = 0
Number of asset objects unloaded after import = 1
========================================================================
Received Import Request.
  Time since last request: 0.000016 seconds.
  path: Assets/Plugins/iOS/unity-plugin-library.a
  artifactKey: Guid(3fbd85863e7246c8b9de13243cc83b5d) Importer(2089858483,0ecaa5967403d082aa24f35e1b516d23)
Start importing Assets/Plugins/iOS/unity-plugin-library.a using Guid(3fbd85863e7246c8b9de13243cc83b5d) Importer(2089858483,0ecaa5967403d082aa24f35e1b516d23)  -> (artifact id: '11aeca75cbca2f025150b11b8e288b99') in 0.011458 seconds
Number of updated asset objects reloaded before import = 0
Number of asset objects unloaded after import = 1
========================================================================
Received Import Request.
  Time since last request: 0.000017 seconds.
  path: Assets/GoogleMobileAds/GoogleMobileAds_version-8.0.0_manifest.txt
  artifactKey: Guid(0e2d0894212243fe8cbad645443daf8c) Importer(2089858483,0ecaa5967403d082aa24f35e1b516d23)
Start importing Assets/GoogleMobileAds/GoogleMobileAds_version-8.0.0_manifest.txt using Guid(0e2d0894212243fe8cbad645443daf8c) Importer(2089858483,0ecaa5967403d082aa24f35e1b516d23)  -> (artifact id: 'c4f527a37ccf34fdb0a4c0520c171f3f') in 0.014504 seconds
Number of updated asset objects reloaded before import = 0
Number of asset objects unloaded after import = 1
========================================================================
Received Import Request.
  Time since last request: 0.000020 seconds.
  path: Assets/Plugins/TextMesh Pro/Shaders/TMP_SDF-Surface-Mobile.shader
  artifactKey: Guid(85187c2149c549c5b33f0cdb02836b17) Importer(2089858483,0ecaa5967403d082aa24f35e1b516d23)
Start importing Assets/Plugins/TextMesh Pro/Shaders/TMP_SDF-Surface-Mobile.shader using Guid(85187c2149c549c5b33f0cdb02836b17) Importer(2089858483,0ecaa5967403d082aa24f35e1b516d23)  -> (artifact id: '266a5bb820766ea783b94c3a548ffc84') in 0.012068 seconds
Number of updated asset objects reloaded before import = 0
Number of asset objects unloaded after import = 1
========================================================================
Received Import Request.
  Time since last request: 0.000021 seconds.
  path: Assets/Plugins/TextMesh Pro/Examples & Extras/Scenes/01-  Single Line TextMesh Pro.unity
  artifactKey: Guid(2ac8cf212df6445e8aebbe3cb832e993) Importer(2089858483,0ecaa5967403d082aa24f35e1b516d23)
Start importing Assets/Plugins/TextMesh Pro/Examples & Extras/Scenes/01-  Single Line TextMesh Pro.unity using Guid(2ac8cf212df6445e8aebbe3cb832e993) Importer(2089858483,0ecaa5967403d082aa24f35e1b516d23)  -> (artifact id: '69c094d6c4e95254588968b48bedcc12') in 0.011978 seconds
Number of updated asset objects reloaded before import = 0
Number of asset objects unloaded after import = 1
========================================================================
Received Import Request.
  Time since last request: 0.000022 seconds.
  path: Assets/Plugins/TextMesh Pro/Examples & Extras/Fonts/Oswald-Bold - OFL.txt
  artifactKey: Guid(d2cf87a8a7a94aa8b80dff1c807c1178) Importer(2089858483,0ecaa5967403d082aa24f35e1b516d23)
Start importing Assets/Plugins/TextMesh Pro/Examples & Extras/Fonts/Oswald-Bold - OFL.txt using Guid(d2cf87a8a7a94aa8b80dff1c807c1178) Importer(2089858483,0ecaa5967403d082aa24f35e1b516d23)  -> (artifact id: 'bec17733c4018bb85d99e7a4c64eb319') in 0.016297 seconds
Number of updated asset objects reloaded before import = 0
Number of asset objects unloaded after import = 1
========================================================================
Received Import Request.
  Time since last request: 0.000022 seconds.
  path: Assets/Scripts/Skin/SkinMenu/SkinMenu.cs
  artifactKey: Guid(eb232ab5e0388914cbf9d63c8e441986) Importer(2089858483,0ecaa5967403d082aa24f35e1b516d23)
Start importing Assets/Scripts/Skin/SkinMenu/SkinMenu.cs using Guid(eb232ab5e0388914cbf9d63c8e441986) Importer(2089858483,0ecaa5967403d082aa24f35e1b516d23)  -> (artifact id: 'c00195d9a0b21b827bd4cd463813ff95') in 0.012552 seconds
Number of updated asset objects reloaded before import = 0
Number of asset objects unloaded after import = 1
========================================================================
Received Import Request.
  Time since last request: 0.000028 seconds.
  path: Assets/Textures/Shapes/White box.png
  artifactKey: Guid(f8bfb7a62996ced41a367428a9b1aa9d) Importer(2089858483,0ecaa5967403d082aa24f35e1b516d23)
Start importing Assets/Textures/Shapes/White box.png using Guid(f8bfb7a62996ced41a367428a9b1aa9d) Importer(2089858483,0ecaa5967403d082aa24f35e1b516d23)  -> (artifact id: '0b1b28e7b6cc98168e496191b2aa0051') in 0.023874 seconds
Number of updated asset objects reloaded before import = 0
Number of asset objects unloaded after import = 3
========================================================================
Received Import Request.
  Time since last request: 0.000015 seconds.
  path: Assets/Prefabs/SkinMenu/skin.prefab
  artifactKey: Guid(5a974ff84376b3743826573b396dbf90) Importer(2089858483,0ecaa5967403d082aa24f35e1b516d23)
Start importing Assets/Prefabs/SkinMenu/skin.prefab using Guid(5a974ff84376b3743826573b396dbf90) Importer(2089858483,0ecaa5967403d082aa24f35e1b516d23)  -> (artifact id: 'aebdba45a8ca218ba3fe678bd90eb18a') in 0.028838 seconds
Number of updated asset objects reloaded before import = 0
Number of asset objects unloaded after import = 19
========================================================================
Received Import Request.
  Time since last request: 0.000017 seconds.
  path: Assets/GoogleMobileAds/GoogleMobileAds.Common.dll
  artifactKey: Guid(91a5b07cc3384f86a88d7c29698e058b) Importer(2089858483,0ecaa5967403d082aa24f35e1b516d23)
Start importing Assets/GoogleMobileAds/GoogleMobileAds.Common.dll using Guid(91a5b07cc3384f86a88d7c29698e058b) Importer(2089858483,0ecaa5967403d082aa24f35e1b516d23)  -> (artifact id: 'c78113b7d9a43333e889e8757e5f061b') in 0.016278 seconds
Number of updated asset objects reloaded before import = 0
Number of asset objects unloaded after import = 1
========================================================================
Received Prepare
Refreshing native plugins compatible for Editor in 10.93 ms, found 3 plugins.
Preloading 0 native plugins for Editor in 0.00 ms.
Unloading 0 Unused Serialized files (Serialized files now loaded: 0)
Unloading 2 unused Assets / (1.7 KB). Loaded Objects now: 3626.
Memory consumption went from 77.0 MB to 77.0 MB.
Total: 5.381100 ms (FindLiveObjects: 0.275100 ms CreateObjectMapping: 0.078900 ms MarkObjects: 4.994100 ms  DeleteObjects: 0.031600 ms)

Prepare: number of updated asset objects reloaded= 0
AssetImportParameters requested are different than current active one (requested -> active):
  custom:container-demuxer-ogg: 62fdf1f143b41e24485cea50d1cbac27 -> 
  custom:video-codec-MediaFoundation-h265: 746d11721c4dcdbdad8f713fa42b33f4 -> 
  custom:video-decoder-ogg-theora: a1e56fd34408186e4bbccfd4996cb3dc -> 
  custom:framework-win-MediaFoundation: 216162199b28c13a410421893ffa2e32 -> 
  custom:CustomObjectIndexerAttribute: 9a22284fe3817be447336de3de66b15e -> 
  custom:container-demuxer-webm: 4f35f7cbe854078d1ac9338744f61a02 -> 
  custom:container-muxer-webm: aa71ff27fc2769a1b78a27578f13a17b -> 
  custom:video-decoder-webm-vp8: 9c59270c3fd7afecdb556c50c9e8de78 -> 
  custom:SearchIndexIgnoredProperties: e643bd26f0fe6173181afceb89e7c659 -> 
  custom:AudioImporter_EditorPlatform: d09bf68614088b80899f8185d706f6e7 -> 
  custom:video-encoder-webm-vp8: eb34c28f22e8b96e1ab97ce403110664 -> 
  custom:audio-decoder-ogg-vorbis: bf7c407c2cedff20999df2af8eb42d56 -> 
  custom:audio-encoder-webm-vorbis: bf7c407c2cedff20999df2af8eb42d56 -> 
========================================================================
Received Prepare
Refreshing native plugins compatible for Editor in 9.85 ms, found 3 plugins.
Preloading 0 native plugins for Editor in 0.00 ms.
Unloading 1 Unused Serialized files (Serialized files now loaded: 0)
Unloading 1 unused Assets / (3.1 KB). Loaded Objects now: 3626.
Memory consumption went from 77.3 MB to 77.3 MB.
Total: 5.475400 ms (FindLiveObjects: 0.274400 ms CreateObjectMapping: 0.104900 ms MarkObjects: 5.063600 ms  DeleteObjects: 0.031100 ms)

Prepare: number of updated asset objects reloaded= 0
AssetImportParameters requested are different than current active one (requested -> active):
  custom:container-demuxer-ogg: 62fdf1f143b41e24485cea50d1cbac27 -> 
  custom:video-codec-MediaFoundation-h265: 746d11721c4dcdbdad8f713fa42b33f4 -> 
  custom:video-decoder-ogg-theora: a1e56fd34408186e4bbccfd4996cb3dc -> 
  custom:framework-win-MediaFoundation: 216162199b28c13a410421893ffa2e32 -> 
  custom:CustomObjectIndexerAttribute: 9a22284fe3817be447336de3de66b15e -> 
  custom:container-demuxer-webm: 4f35f7cbe854078d1ac9338744f61a02 -> 
  custom:container-muxer-webm: aa71ff27fc2769a1b78a27578f13a17b -> 
  custom:video-decoder-webm-vp8: 9c59270c3fd7afecdb556c50c9e8de78 -> 
  custom:SearchIndexIgnoredProperties: e643bd26f0fe6173181afceb89e7c659 -> 
  custom:AudioImporter_EditorPlatform: d09bf68614088b80899f8185d706f6e7 -> 
  custom:video-encoder-webm-vp8: eb34c28f22e8b96e1ab97ce403110664 -> 
  custom:audio-decoder-ogg-vorbis: bf7c407c2cedff20999df2af8eb42d56 -> 
  custom:audio-encoder-webm-vorbis: bf7c407c2cedff20999df2af8eb42d56 -> 
========================================================================
Received Prepare
Refreshing native plugins compatible for Editor in 10.68 ms, found 3 plugins.
Preloading 0 native plugins for Editor in 0.00 ms.
Unloading 1 Unused Serialized files (Serialized files now loaded: 0)
Unloading 1 unused Assets / (3.1 KB). Loaded Objects now: 3626.
Memory consumption went from 77.3 MB to 77.3 MB.
Total: 5.633100 ms (FindLiveObjects: 0.256000 ms CreateObjectMapping: 0.079100 ms MarkObjects: 5.263900 ms  DeleteObjects: 0.032700 ms)

Prepare: number of updated asset objects reloaded= 0
AssetImportParameters requested are different than current active one (requested -> active):
  custom:container-demuxer-ogg: 62fdf1f143b41e24485cea50d1cbac27 -> 
  custom:video-codec-MediaFoundation-h265: 746d11721c4dcdbdad8f713fa42b33f4 -> 
  custom:video-decoder-ogg-theora: a1e56fd34408186e4bbccfd4996cb3dc -> 
  custom:framework-win-MediaFoundation: 216162199b28c13a410421893ffa2e32 -> 
  custom:CustomObjectIndexerAttribute: 9a22284fe3817be447336de3de66b15e -> 
  custom:container-demuxer-webm: 4f35f7cbe854078d1ac9338744f61a02 -> 
  custom:container-muxer-webm: aa71ff27fc2769a1b78a27578f13a17b -> 
  custom:video-decoder-webm-vp8: 9c59270c3fd7afecdb556c50c9e8de78 -> 
  custom:SearchIndexIgnoredProperties: e643bd26f0fe6173181afceb89e7c659 -> 
  custom:AudioImporter_EditorPlatform: d09bf68614088b80899f8185d706f6e7 -> 
  custom:video-encoder-webm-vp8: eb34c28f22e8b96e1ab97ce403110664 -> 
  custom:audio-decoder-ogg-vorbis: bf7c407c2cedff20999df2af8eb42d56 -> 
  custom:audio-encoder-webm-vorbis: bf7c407c2cedff20999df2af8eb42d56 -> 
========================================================================
Received Prepare
Refreshing native plugins compatible for Editor in 15.27 ms, found 3 plugins.
Preloading 0 native plugins for Editor in 0.00 ms.
Unloading 1 Unused Serialized files (Serialized files now loaded: 0)
Unloading 1 unused Assets / (3.1 KB). Loaded Objects now: 3626.
Memory consumption went from 77.3 MB to 77.3 MB.
Total: 4.083700 ms (FindLiveObjects: 0.255400 ms CreateObjectMapping: 0.080000 ms MarkObjects: 3.722100 ms  DeleteObjects: 0.025200 ms)

Prepare: number of updated asset objects reloaded= 0
AssetImportParameters requested are different than current active one (requested -> active):
  custom:container-demuxer-ogg: 62fdf1f143b41e24485cea50d1cbac27 -> 
  custom:video-codec-MediaFoundation-h265: 746d11721c4dcdbdad8f713fa42b33f4 -> 
  custom:video-decoder-ogg-theora: a1e56fd34408186e4bbccfd4996cb3dc -> 
  custom:framework-win-MediaFoundation: 216162199b28c13a410421893ffa2e32 -> 
  custom:CustomObjectIndexerAttribute: 9a22284fe3817be447336de3de66b15e -> 
  custom:container-demuxer-webm: 4f35f7cbe854078d1ac9338744f61a02 -> 
  custom:container-muxer-webm: aa71ff27fc2769a1b78a27578f13a17b -> 
  custom:video-decoder-webm-vp8: 9c59270c3fd7afecdb556c50c9e8de78 -> 
  custom:SearchIndexIgnoredProperties: e643bd26f0fe6173181afceb89e7c659 -> 
  custom:AudioImporter_EditorPlatform: d09bf68614088b80899f8185d706f6e7 -> 
  custom:video-encoder-webm-vp8: eb34c28f22e8b96e1ab97ce403110664 -> 
  custom:audio-decoder-ogg-vorbis: bf7c407c2cedff20999df2af8eb42d56 -> 
  custom:audio-encoder-webm-vorbis: bf7c407c2cedff20999df2af8eb42d56 -> 
