Using pre-set license
Built from '2022.3/staging' branch; Version is '2022.3.29f1 (8d510ca76d2b) revision 9261324'; Using compiler version '192829333'; Build Type 'Release'
OS: 'Windows 11  (10.0.22631) 64bit Professional' Language: 'en' Physical Memory: 16307 MB
BatchMode: 1, IsHumanControllingUs: 0, StartBugReporterOnCrash: 0, Is64bit: 1, IsPro: 1

COMMAND LINE ARGUMENTS:
C:\Program Files\Unity\Hub\Editor\2022.3.29f1\Editor\Unity.exe
-adb2
-batchMode
-noUpm
-name
AssetImportWorker1
-projectPath
C:/uCoding/aJump Game/Jump Game
-logFile
Logs/AssetImportWorker1.log
-srvPort
49198
Successfully changed project path to: C:/uCoding/aJump Game/Jump Game
C:/uCoding/aJump Game/Jump Game
[UnityMemory] Configuration Parameters - Can be set up in boot.config
    "memorysetup-bucket-allocator-granularity=16"
    "memorysetup-bucket-allocator-bucket-count=8"
    "memorysetup-bucket-allocator-block-size=33554432"
    "memorysetup-bucket-allocator-block-count=8"
    "memorysetup-main-allocator-block-size=16777216"
    "memorysetup-thread-allocator-block-size=16777216"
    "memorysetup-gfx-main-allocator-block-size=16777216"
    "memorysetup-gfx-thread-allocator-block-size=16777216"
    "memorysetup-cache-allocator-block-size=4194304"
    "memorysetup-typetree-allocator-block-size=2097152"
    "memorysetup-profiler-bucket-allocator-granularity=16"
    "memorysetup-profiler-bucket-allocator-bucket-count=8"
    "memorysetup-profiler-bucket-allocator-block-size=33554432"
    "memorysetup-profiler-bucket-allocator-block-count=8"
    "memorysetup-profiler-allocator-block-size=16777216"
    "memorysetup-profiler-editor-allocator-block-size=1048576"
    "memorysetup-temp-allocator-size-main=16777216"
    "memorysetup-job-temp-allocator-block-size=2097152"
    "memorysetup-job-temp-allocator-block-size-background=1048576"
    "memorysetup-job-temp-allocator-reduction-small-platforms=262144"
    "memorysetup-allocator-temp-initial-block-size-main=262144"
    "memorysetup-allocator-temp-initial-block-size-worker=262144"
    "memorysetup-temp-allocator-size-background-worker=32768"
    "memorysetup-temp-allocator-size-job-worker=262144"
    "memorysetup-temp-allocator-size-preload-manager=33554432"
    "memorysetup-temp-allocator-size-nav-mesh-worker=65536"
    "memorysetup-temp-allocator-size-audio-worker=65536"
    "memorysetup-temp-allocator-size-cloud-worker=32768"
    "memorysetup-temp-allocator-size-gi-baking-worker=262144"
    "memorysetup-temp-allocator-size-gfx=262144"
Player connection [14200] Host "[IP] 192.168.0.16 [Port] 0 [Flags] 2 [Guid] 1026725317 [EditorId] 1026725317 [Version] 1048832 [Id] WindowsEditor(7,DESKTOP-IV0LFV6) [Debug] 1 [PackageName] WindowsEditor [ProjectName] Editor" joined multi-casting on [225.0.0.222:54997]...

Player connection [14200] Host "[IP] 192.168.0.16 [Port] 0 [Flags] 2 [Guid] 1026725317 [EditorId] 1026725317 [Version] 1048832 [Id] WindowsEditor(7,DESKTOP-IV0LFV6) [Debug] 1 [PackageName] WindowsEditor [ProjectName] Editor" joined alternative multi-casting on [225.0.0.222:34997]...

[Physics::Module] Initialized MultithreadedJobDispatcher with 7 workers.
Refreshing native plugins compatible for Editor in 35.03 ms, found 3 plugins.
Preloading 0 native plugins for Editor in 0.00 ms.
Initialize engine version: 2022.3.29f1 (8d510ca76d2b)
[Subsystems] Discovering subsystems at path C:/Program Files/Unity/Hub/Editor/2022.3.29f1/Editor/Data/Resources/UnitySubsystems
[Subsystems] Discovering subsystems at path C:/uCoding/aJump Game/Jump Game/Assets
GfxDevice: creating device client; threaded=0; jobified=0
Direct3D:
    Version:  Direct3D 11.0 [level 11.1]
    Renderer: NVIDIA GeForce GTX 1070 Ti (ID=0x1b82)
    Vendor:   NVIDIA
    VRAM:     8073 MB
    Driver:   31.0.15.3640
Initialize mono
Mono path[0] = 'C:/Program Files/Unity/Hub/Editor/2022.3.29f1/Editor/Data/Managed'
Mono path[1] = 'C:/Program Files/Unity/Hub/Editor/2022.3.29f1/Editor/Data/MonoBleedingEdge/lib/mono/unityjit-win32'
Mono config path = 'C:/Program Files/Unity/Hub/Editor/2022.3.29f1/Editor/Data/MonoBleedingEdge/etc'
Using monoOptions --debugger-agent=transport=dt_socket,embedding=1,server=y,suspend=n,address=127.0.0.1:56220
Begin MonoManager ReloadAssembly
Registering precompiled unity dll's ...
Register platform support module: C:/Program Files/Unity/Hub/Editor/2022.3.29f1/Editor/Data/PlaybackEngines/AndroidPlayer/UnityEditor.Android.Extensions.dll
Register platform support module: C:/Program Files/Unity/Hub/Editor/2022.3.29f1/Editor/Data/PlaybackEngines/WindowsStandaloneSupport/UnityEditor.WindowsStandalone.Extensions.dll
Registered in 0.013784 seconds.
- Loaded All Assemblies, in  0.536 seconds
Native extension for WindowsStandalone target not found
Native extension for Android target not found
Android Extension - Scanning For ADB Devices 341 ms
Mono: successfully reloaded assembly
- Finished resetting the current domain, in  0.836 seconds
Domain Reload Profiling: 1370ms
	BeginReloadAssembly (143ms)
		ExecutionOrderSort (0ms)
		DisableScriptedObjects (0ms)
		BackupInstance (0ms)
		ReleaseScriptingObjects (0ms)
		CreateAndSetChildDomain (1ms)
	RebuildCommonClasses (52ms)
	RebuildNativeTypeToScriptingClass (20ms)
	initialDomainReloadingComplete (90ms)
	LoadAllAssembliesAndSetupDomain (228ms)
		LoadAssemblies (140ms)
		RebuildTransferFunctionScriptingTraits (0ms)
		AnalyzeDomain (225ms)
			TypeCache.Refresh (223ms)
				TypeCache.ScanAssembly (202ms)
			ScanForSourceGeneratedMonoScriptInfo (1ms)
			ResolveRequiredComponents (0ms)
	FinalizeReload (837ms)
		ReleaseScriptCaches (0ms)
		RebuildScriptCaches (0ms)
		SetupLoadedEditorAssemblies (747ms)
			LogAssemblyErrors (0ms)
			InitializePlatformSupportModulesInManaged (530ms)
			SetLoadedEditorAssemblies (4ms)
			RefreshPlugins (0ms)
			BeforeProcessingInitializeOnLoad (3ms)
			ProcessInitializeOnLoadAttributes (152ms)
			ProcessInitializeOnLoadMethodAttributes (58ms)
			AfterProcessingInitializeOnLoad (0ms)
			EditorAssembliesLoaded (0ms)
		ExecutionOrderSort2 (0ms)
		AwakeInstancesAfterBackupRestoration (0ms)
========================================================================
Worker process is ready to serve import requests
Begin MonoManager ReloadAssembly
- Loaded All Assemblies, in  0.809 seconds
Refreshing native plugins compatible for Editor in 9.30 ms, found 3 plugins.
Native extension for WindowsStandalone target not found
Native extension for Android target not found
Package Manager log level set to [2]
[Package Manager] Server::EnsureServerProcessIsRunning -- launch failed, reason: Unity was launched with the -noUpm command-line argument
[Package Manager] UpmClient::Send -- Unable to send message (not connected to UPM process).
[Package Manager] Cannot connect to Unity Package Manager local server
Mono: successfully reloaded assembly
- Finished resetting the current domain, in  0.781 seconds
Domain Reload Profiling: 1587ms
	BeginReloadAssembly (179ms)
		ExecutionOrderSort (0ms)
		DisableScriptedObjects (7ms)
		BackupInstance (0ms)
		ReleaseScriptingObjects (0ms)
		CreateAndSetChildDomain (28ms)
	RebuildCommonClasses (48ms)
	RebuildNativeTypeToScriptingClass (20ms)
	initialDomainReloadingComplete (67ms)
	LoadAllAssembliesAndSetupDomain (491ms)
		LoadAssemblies (405ms)
		RebuildTransferFunctionScriptingTraits (0ms)
		AnalyzeDomain (187ms)
			TypeCache.Refresh (160ms)
				TypeCache.ScanAssembly (140ms)
			ScanForSourceGeneratedMonoScriptInfo (17ms)
			ResolveRequiredComponents (10ms)
	FinalizeReload (782ms)
		ReleaseScriptCaches (0ms)
		RebuildScriptCaches (0ms)
		SetupLoadedEditorAssemblies (563ms)
			LogAssemblyErrors (0ms)
			InitializePlatformSupportModulesInManaged (33ms)
			SetLoadedEditorAssemblies (4ms)
			RefreshPlugins (0ms)
			BeforeProcessingInitializeOnLoad (70ms)
			ProcessInitializeOnLoadAttributes (416ms)
			ProcessInitializeOnLoadMethodAttributes (29ms)
			AfterProcessingInitializeOnLoad (10ms)
			EditorAssembliesLoaded (0ms)
		ExecutionOrderSort2 (0ms)
		AwakeInstancesAfterBackupRestoration (9ms)
Launched and connected shader compiler UnityShaderCompiler.exe after 0.05 seconds
Refreshing native plugins compatible for Editor in 11.41 ms, found 3 plugins.
Preloading 0 native plugins for Editor in 0.00 ms.
Unloading 3161 Unused Serialized files (Serialized files now loaded: 0)
Unloading 53 unused Assets / (55.1 KB). Loaded Objects now: 3623.
Memory consumption went from 132.6 MB to 132.5 MB.
Total: 3.155200 ms (FindLiveObjects: 0.282400 ms CreateObjectMapping: 0.097700 ms MarkObjects: 2.634800 ms  DeleteObjects: 0.139100 ms)

AssetImportParameters requested are different than current active one (requested -> active):
  custom:container-demuxer-ogg: 62fdf1f143b41e24485cea50d1cbac27 -> 
  custom:video-codec-MediaFoundation-h265: 746d11721c4dcdbdad8f713fa42b33f4 -> 
  custom:video-decoder-ogg-theora: a1e56fd34408186e4bbccfd4996cb3dc -> 
  custom:framework-win-MediaFoundation: 216162199b28c13a410421893ffa2e32 -> 
  custom:CustomObjectIndexerAttribute: 9a22284fe3817be447336de3de66b15e -> 
  custom:container-demuxer-webm: 4f35f7cbe854078d1ac9338744f61a02 -> 
  custom:container-muxer-webm: aa71ff27fc2769a1b78a27578f13a17b -> 
  custom:video-decoder-webm-vp8: 9c59270c3fd7afecdb556c50c9e8de78 -> 
  custom:SearchIndexIgnoredProperties: e643bd26f0fe6173181afceb89e7c659 -> 
  custom:AudioImporter_EditorPlatform: d09bf68614088b80899f8185d706f6e7 -> 
  custom:video-encoder-webm-vp8: eb34c28f22e8b96e1ab97ce403110664 -> 
  custom:audio-decoder-ogg-vorbis: bf7c407c2cedff20999df2af8eb42d56 -> 
  custom:audio-encoder-webm-vorbis: bf7c407c2cedff20999df2af8eb42d56 -> 
========================================================================
Received Import Request.
  Time since last request: 502166.652205 seconds.
  path: Assets/Audio/Music Tracks/Chunky_Monkey.wav
  artifactKey: Guid(956ad2f73332544fd87365087825cc4f) Importer(2089858483,0ecaa5967403d082aa24f35e1b516d23)
Start importing Assets/Audio/Music Tracks/Chunky_Monkey.wav using Guid(956ad2f73332544fd87365087825cc4f) Importer(2089858483,0ecaa5967403d082aa24f35e1b516d23)  -> (artifact id: '5edc3e0b7ba79f50156bc595e6acdc13') in 1.170637 seconds
Number of updated asset objects reloaded before import = 0
Number of asset objects unloaded after import = 1
========================================================================
Received Import Request.
  Time since last request: 0.000335 seconds.
  path: Assets/Audio/CasualGameSounds/DM-CGS-06.wav
  artifactKey: Guid(a235d590ef2a04d1b85b61ef4c21337c) Importer(2089858483,0ecaa5967403d082aa24f35e1b516d23)
Start importing Assets/Audio/CasualGameSounds/DM-CGS-06.wav using Guid(a235d590ef2a04d1b85b61ef4c21337c) Importer(2089858483,0ecaa5967403d082aa24f35e1b516d23)  -> (artifact id: '8eb5369012e18e8b989c82a2494030b7') in 0.069284 seconds
Number of updated asset objects reloaded before import = 0
Number of asset objects unloaded after import = 1
========================================================================
Received Import Request.
  Time since last request: 0.000033 seconds.
  path: Assets/Prefabs/SPECIAL OFFER Multi.prefab
  artifactKey: Guid(fe281a9b088568343bd4c416524f2f43) Importer(2089858483,0ecaa5967403d082aa24f35e1b516d23)
Start importing Assets/Prefabs/SPECIAL OFFER Multi.prefab using Guid(fe281a9b088568343bd4c416524f2f43) Importer(2089858483,0ecaa5967403d082aa24f35e1b516d23)  -> (artifact id: '8931a38e8201e00e6c489491170c5305') in 0.132777 seconds
Number of updated asset objects reloaded before import = 0
Number of asset objects unloaded after import = 123
========================================================================
Received Import Request.
  Time since last request: 0.000023 seconds.
  path: Assets/Audio/CasualGameSounds/DM-CGS-31.wav
  artifactKey: Guid(cf6c0e7fbef9449c98a0cdb5ea0c4d9f) Importer(2089858483,0ecaa5967403d082aa24f35e1b516d23)
Start importing Assets/Audio/CasualGameSounds/DM-CGS-31.wav using Guid(cf6c0e7fbef9449c98a0cdb5ea0c4d9f) Importer(2089858483,0ecaa5967403d082aa24f35e1b516d23)  -> (artifact id: '0278c7129f0034044479521145900fa5') in 0.060644 seconds
Number of updated asset objects reloaded before import = 0
Number of asset objects unloaded after import = 1
========================================================================
Received Import Request.
  Time since last request: 0.000031 seconds.
  path: Assets/Audio/Music Tracks/JumpyGame.wav
  artifactKey: Guid(d8f7a78a964aa489aafb3749d805cd4b) Importer(2089858483,0ecaa5967403d082aa24f35e1b516d23)
Start importing Assets/Audio/Music Tracks/JumpyGame.wav using Guid(d8f7a78a964aa489aafb3749d805cd4b) Importer(2089858483,0ecaa5967403d082aa24f35e1b516d23)  -> (artifact id: '6fbe5b1819ba1376c7250c17ec6b7d37') in 1.102308 seconds
Number of updated asset objects reloaded before import = 0
Number of asset objects unloaded after import = 1
========================================================================
Received Import Request.
  Time since last request: 0.000030 seconds.
  path: Assets/Audio/CasualGameSounds/DM-CGS-41.wav
  artifactKey: Guid(7e9ee6dc04a5d40d1a5dfc4beb9865e7) Importer(2089858483,0ecaa5967403d082aa24f35e1b516d23)
Start importing Assets/Audio/CasualGameSounds/DM-CGS-41.wav using Guid(7e9ee6dc04a5d40d1a5dfc4beb9865e7) Importer(2089858483,0ecaa5967403d082aa24f35e1b516d23)  -> (artifact id: 'a66a0e1811bc9cf7d3ee9fec281e57c7') in 0.068412 seconds
Number of updated asset objects reloaded before import = 0
Number of asset objects unloaded after import = 1
========================================================================
Received Import Request.
  Time since last request: 0.000057 seconds.
  path: Assets/Prefabs/Boosts/RedBox.prefab
  artifactKey: Guid(08d5ba8314cd08d429cf32403d8ed0e9) Importer(2089858483,0ecaa5967403d082aa24f35e1b516d23)
Start importing Assets/Prefabs/Boosts/RedBox.prefab using Guid(08d5ba8314cd08d429cf32403d8ed0e9) Importer(2089858483,0ecaa5967403d082aa24f35e1b516d23)  -> (artifact id: '0cfb6402a4a209df03ca7febf13aa0a2') in 0.060250 seconds
Number of updated asset objects reloaded before import = 0
Number of asset objects unloaded after import = 9
========================================================================
Received Import Request.
  Time since last request: 0.000021 seconds.
  path: Assets/Scripts/Database/SaverJson.cs
  artifactKey: Guid(58cbd56c60e872a488674a410f4cf85c) Importer(2089858483,0ecaa5967403d082aa24f35e1b516d23)
Start importing Assets/Scripts/Database/SaverJson.cs using Guid(58cbd56c60e872a488674a410f4cf85c) Importer(2089858483,0ecaa5967403d082aa24f35e1b516d23)  -> (artifact id: '34ddb1e62043836d21255205cd34c42d') in 0.015765 seconds
Number of updated asset objects reloaded before import = 0
Number of asset objects unloaded after import = 1
========================================================================
Received Import Request.
  Time since last request: 0.000048 seconds.
  path: Assets/Scripts/Skin/SkinList.cs
  artifactKey: Guid(bfd1339943393c546875885392a38419) Importer(2089858483,0ecaa5967403d082aa24f35e1b516d23)
Start importing Assets/Scripts/Skin/SkinList.cs using Guid(bfd1339943393c546875885392a38419) Importer(2089858483,0ecaa5967403d082aa24f35e1b516d23)  -> (artifact id: '9831801060b43c665ab6f940ed6aa0ca') in 0.014515 seconds
Number of updated asset objects reloaded before import = 0
Number of asset objects unloaded after import = 1
========================================================================
Received Import Request.
  Time since last request: 0.000019 seconds.
  path: Assets/Prefabs/Grounds/Safe Place.prefab
  artifactKey: Guid(f779ef65067767b48bf2675e1baa490e) Importer(2089858483,0ecaa5967403d082aa24f35e1b516d23)
Start importing Assets/Prefabs/Grounds/Safe Place.prefab using Guid(f779ef65067767b48bf2675e1baa490e) Importer(2089858483,0ecaa5967403d082aa24f35e1b516d23)  -> (artifact id: '8b3c00d3e8572f3d2fd0b0cbce386a33') in 0.027905 seconds
Number of updated asset objects reloaded before import = 0
Number of asset objects unloaded after import = 10
========================================================================
Received Import Request.
  Time since last request: 0.000017 seconds.
  path: Assets/GoogleMobileAds/Editor/GoogleUmpDependencies.xml
  artifactKey: Guid(c327cfbeae774a768fe60f1357bc08d3) Importer(2089858483,0ecaa5967403d082aa24f35e1b516d23)
Start importing Assets/GoogleMobileAds/Editor/GoogleUmpDependencies.xml using Guid(c327cfbeae774a768fe60f1357bc08d3) Importer(2089858483,0ecaa5967403d082aa24f35e1b516d23)  -> (artifact id: 'c8069b86c7e6d95f2b111aae6726f87b') in 0.010258 seconds
Number of updated asset objects reloaded before import = 0
Number of asset objects unloaded after import = 1
========================================================================
Received Import Request.
  Time since last request: 0.000020 seconds.
  path: Assets/GoogleMobileAds/GoogleMobileAds.Ump.Unity.dll
  artifactKey: Guid(a86d988d5f444cd9a999bd434cef8a51) Importer(2089858483,0ecaa5967403d082aa24f35e1b516d23)
Start importing Assets/GoogleMobileAds/GoogleMobileAds.Ump.Unity.dll using Guid(a86d988d5f444cd9a999bd434cef8a51) Importer(2089858483,0ecaa5967403d082aa24f35e1b516d23)  -> (artifact id: '0d40e527162792fa274e8aaaf3ba7d49') in 0.021530 seconds
Number of updated asset objects reloaded before import = 0
Number of asset objects unloaded after import = 1
========================================================================
Received Import Request.
  Time since last request: 0.000022 seconds.
  path: Assets/Audio/My/M4A1 Shot CSGO Sound Effect.mp3
  artifactKey: Guid(7c16ce4f94be1e240aa8029da009ece3) Importer(2089858483,0ecaa5967403d082aa24f35e1b516d23)
Start importing Assets/Audio/My/M4A1 Shot CSGO Sound Effect.mp3 using Guid(7c16ce4f94be1e240aa8029da009ece3) Importer(2089858483,0ecaa5967403d082aa24f35e1b516d23)  -> (artifact id: '6dbec9d00d9826cfebd1662b69b2ce0b') in 0.058346 seconds
Number of updated asset objects reloaded before import = 0
Number of asset objects unloaded after import = 1
========================================================================
Received Import Request.
  Time since last request: 0.000031 seconds.
  path: Assets/Scripts/Ads/AdButtonScript.cs
  artifactKey: Guid(4a9a03e3565ea4045b5d2627b3e91d5e) Importer(2089858483,0ecaa5967403d082aa24f35e1b516d23)
Start importing Assets/Scripts/Ads/AdButtonScript.cs using Guid(4a9a03e3565ea4045b5d2627b3e91d5e) Importer(2089858483,0ecaa5967403d082aa24f35e1b516d23)  -> (artifact id: 'b16be8a3446b8f44abc7a6184f9f40ef') in 0.010182 seconds
Number of updated asset objects reloaded before import = 0
Number of asset objects unloaded after import = 1
========================================================================
Received Import Request.
  Time since last request: 0.000059 seconds.
  path: Assets/Prefabs/SPECIAL OFFER.prefab
  artifactKey: Guid(b99e621aa05cb7540b25770b10e50dcd) Importer(2089858483,0ecaa5967403d082aa24f35e1b516d23)
Start importing Assets/Prefabs/SPECIAL OFFER.prefab using Guid(b99e621aa05cb7540b25770b10e50dcd) Importer(2089858483,0ecaa5967403d082aa24f35e1b516d23)  -> (artifact id: 'f2d86ae7f94432d551cd36b0546491d6') in 0.056484 seconds
Number of updated asset objects reloaded before import = 0
Number of asset objects unloaded after import = 70
========================================================================
Received Import Request.
  Time since last request: 0.000017 seconds.
  path: Assets/GoogleMobileAds/Editor/GoogleMobileAds.Editor.asmdef
  artifactKey: Guid(cbb42e4cfd9484f52972c8f05e1c3252) Importer(2089858483,0ecaa5967403d082aa24f35e1b516d23)
Start importing Assets/GoogleMobileAds/Editor/GoogleMobileAds.Editor.asmdef using Guid(cbb42e4cfd9484f52972c8f05e1c3252) Importer(2089858483,0ecaa5967403d082aa24f35e1b516d23)  -> (artifact id: 'ac8f32640112feccade434f3cd5c22ec') in 0.010919 seconds
Number of updated asset objects reloaded before import = 0
Number of asset objects unloaded after import = 1
========================================================================
Received Import Request.
  Time since last request: 0.000022 seconds.
  path: Assets/GoogleMobileAds/GoogleMobileAds.Ump.iOS.dll
  artifactKey: Guid(d18ea87e83804d1eadf467931aabe099) Importer(2089858483,0ecaa5967403d082aa24f35e1b516d23)
Start importing Assets/GoogleMobileAds/GoogleMobileAds.Ump.iOS.dll using Guid(d18ea87e83804d1eadf467931aabe099) Importer(2089858483,0ecaa5967403d082aa24f35e1b516d23)  -> (artifact id: '2f7b610fd58580cfeb78c37458306a96') in 0.012565 seconds
Number of updated asset objects reloaded before import = 0
Number of asset objects unloaded after import = 1
========================================================================
Received Import Request.
  Time since last request: 0.000020 seconds.
  path: Assets/GoogleMobileAds/Editor/GoogleMobileAdsSettingsEditor.cs
  artifactKey: Guid(8afb1338afbd34c4fac628cd6175c032) Importer(2089858483,0ecaa5967403d082aa24f35e1b516d23)
Start importing Assets/GoogleMobileAds/Editor/GoogleMobileAdsSettingsEditor.cs using Guid(8afb1338afbd34c4fac628cd6175c032) Importer(2089858483,0ecaa5967403d082aa24f35e1b516d23)  -> (artifact id: '801001d87c387373b7cc3f5882e52648') in 0.012575 seconds
Number of updated asset objects reloaded before import = 0
Number of asset objects unloaded after import = 1
========================================================================
Received Import Request.
  Time since last request: 0.000030 seconds.
  path: Assets/Audio/CasualGameSounds/DM-CGS-22.wav
  artifactKey: Guid(d8d04c6f80a1140db85ede568dab1f51) Importer(2089858483,0ecaa5967403d082aa24f35e1b516d23)
Start importing Assets/Audio/CasualGameSounds/DM-CGS-22.wav using Guid(d8d04c6f80a1140db85ede568dab1f51) Importer(2089858483,0ecaa5967403d082aa24f35e1b516d23)  -> (artifact id: 'bcb5f37f29d836364881c0f336e85941') in 0.063841 seconds
Number of updated asset objects reloaded before import = 0
Number of asset objects unloaded after import = 1
========================================================================
Received Import Request.
  Time since last request: 0.000015 seconds.
  path: Assets/Scripts/Database/DatabaseJson.cs
  artifactKey: Guid(86e73456585928b4b8a2a4f0ea98ff22) Importer(2089858483,0ecaa5967403d082aa24f35e1b516d23)
Start importing Assets/Scripts/Database/DatabaseJson.cs using Guid(86e73456585928b4b8a2a4f0ea98ff22) Importer(2089858483,0ecaa5967403d082aa24f35e1b516d23)  -> (artifact id: '205233c66a8bfe9db2fdf1c080fcb121') in 0.011373 seconds
Number of updated asset objects reloaded before import = 0
Number of asset objects unloaded after import = 1
========================================================================
Received Import Request.
  Time since last request: 0.000019 seconds.
  path: Assets/Scenes/TabsTry.unity
  artifactKey: Guid(41d9d50b3c113444ca4dd017d106552f) Importer(2089858483,0ecaa5967403d082aa24f35e1b516d23)
Start importing Assets/Scenes/TabsTry.unity using Guid(41d9d50b3c113444ca4dd017d106552f) Importer(2089858483,0ecaa5967403d082aa24f35e1b516d23)  -> (artifact id: '0f6d9429875f559a408b74e79b080d3d') in 0.011110 seconds
Number of updated asset objects reloaded before import = 0
Number of asset objects unloaded after import = 1
========================================================================
Received Import Request.
  Time since last request: 0.000036 seconds.
  path: Assets/GoogleMobileAds/CHANGELOG.md
  artifactKey: Guid(161c4904cd2045a1bf046453a58a9d7b) Importer(2089858483,0ecaa5967403d082aa24f35e1b516d23)
Start importing Assets/GoogleMobileAds/CHANGELOG.md using Guid(161c4904cd2045a1bf046453a58a9d7b) Importer(2089858483,0ecaa5967403d082aa24f35e1b516d23)  -> (artifact id: '4f94cafa116e5f16210ae1a98e5c9a0c') in 0.009636 seconds
Number of updated asset objects reloaded before import = 0
Number of asset objects unloaded after import = 1
========================================================================
Received Import Request.
  Time since last request: 0.000020 seconds.
  path: Assets/Prefabs/Boosts/Trampoline.prefab
  artifactKey: Guid(79e06936f5c5ffa449ac91de706666a7) Importer(2089858483,0ecaa5967403d082aa24f35e1b516d23)
Start importing Assets/Prefabs/Boosts/Trampoline.prefab using Guid(79e06936f5c5ffa449ac91de706666a7) Importer(2089858483,0ecaa5967403d082aa24f35e1b516d23)  -> (artifact id: 'dd487faa0e68bdad587481c7fe2f4cbe') in 0.023637 seconds
Number of updated asset objects reloaded before import = 0
Number of asset objects unloaded after import = 8
========================================================================
Received Import Request.
  Time since last request: 0.000024 seconds.
  path: Assets/Materials/Slippery.physicsMaterial2D
  artifactKey: Guid(a403246239693bf4db89f49f750243fd) Importer(2089858483,0ecaa5967403d082aa24f35e1b516d23)
Start importing Assets/Materials/Slippery.physicsMaterial2D using Guid(a403246239693bf4db89f49f750243fd) Importer(2089858483,0ecaa5967403d082aa24f35e1b516d23)  -> (artifact id: '076d2dc7e475c3ab450d520544fe83a6') in 0.015651 seconds
Number of updated asset objects reloaded before import = 0
Number of asset objects unloaded after import = 1
========================================================================
Received Import Request.
  Time since last request: 0.000017 seconds.
  path: Assets/Audio/CasualGameSounds/DM-CGS-26.wav
  artifactKey: Guid(7bd6b897eb5ca4b7d88a205c4a51640c) Importer(2089858483,0ecaa5967403d082aa24f35e1b516d23)
Start importing Assets/Audio/CasualGameSounds/DM-CGS-26.wav using Guid(7bd6b897eb5ca4b7d88a205c4a51640c) Importer(2089858483,0ecaa5967403d082aa24f35e1b516d23)  -> (artifact id: '2196b8b68e2504fbad7c17422ffaacd1') in 0.058187 seconds
Number of updated asset objects reloaded before import = 0
Number of asset objects unloaded after import = 1
========================================================================
Received Import Request.
  Time since last request: 0.000017 seconds.
  path: Assets/GoogleMobileAds/Editor/BuildPreProcessor.cs
  artifactKey: Guid(685dda80cd994008bf8bb721870d8118) Importer(2089858483,0ecaa5967403d082aa24f35e1b516d23)
Start importing Assets/GoogleMobileAds/Editor/BuildPreProcessor.cs using Guid(685dda80cd994008bf8bb721870d8118) Importer(2089858483,0ecaa5967403d082aa24f35e1b516d23)  -> (artifact id: '4b518a424f0b395cded777dc014a4ddb') in 0.012997 seconds
Number of updated asset objects reloaded before import = 0
Number of asset objects unloaded after import = 1
========================================================================
Received Import Request.
  Time since last request: 0.000022 seconds.
  path: Assets/Prefabs/Boosts/Magnet.prefab
  artifactKey: Guid(2a59b451c35af394488cb11449f6469e) Importer(2089858483,0ecaa5967403d082aa24f35e1b516d23)
Start importing Assets/Prefabs/Boosts/Magnet.prefab using Guid(2a59b451c35af394488cb11449f6469e) Importer(2089858483,0ecaa5967403d082aa24f35e1b516d23)  -> (artifact id: '66983d6b28b452cc2bca8c2e0cbabf4b') in 0.024872 seconds
Number of updated asset objects reloaded before import = 0
Number of asset objects unloaded after import = 8
========================================================================
Received Import Request.
  Time since last request: 0.000020 seconds.
  path: Assets/Audio/Music Tracks/SunnyDay.wav
  artifactKey: Guid(6306498bbea9342a58ad61d5f7128830) Importer(2089858483,0ecaa5967403d082aa24f35e1b516d23)
Start importing Assets/Audio/Music Tracks/SunnyDay.wav using Guid(6306498bbea9342a58ad61d5f7128830) Importer(2089858483,0ecaa5967403d082aa24f35e1b516d23)  -> (artifact id: '9293c5cb7418794f74f7c6591a2765fc') in 1.111111 seconds
Number of updated asset objects reloaded before import = 0
Number of asset objects unloaded after import = 1
========================================================================
Received Import Request.
  Time since last request: 0.000023 seconds.
  path: Assets/Textures/AppTextures/Trampoline.png
  artifactKey: Guid(97c5373989814b044afd0cb1c9c1c5ed) Importer(2089858483,0ecaa5967403d082aa24f35e1b516d23)
Start importing Assets/Textures/AppTextures/Trampoline.png using Guid(97c5373989814b044afd0cb1c9c1c5ed) Importer(2089858483,0ecaa5967403d082aa24f35e1b516d23)  -> (artifact id: 'ecd05453eee9cfc49644532635f98bbf') in 0.063302 seconds
Number of updated asset objects reloaded before import = 0
Number of asset objects unloaded after import = 3
========================================================================
Received Import Request.
  Time since last request: 0.000025 seconds.
  path: Assets/Textures/Images/Button back design.png
  artifactKey: Guid(8841e06b2d033c34e9f02556cee4dd83) Importer(2089858483,0ecaa5967403d082aa24f35e1b516d23)
Start importing Assets/Textures/Images/Button back design.png using Guid(8841e06b2d033c34e9f02556cee4dd83) Importer(2089858483,0ecaa5967403d082aa24f35e1b516d23)  -> (artifact id: '28b462d50ce36b1fb45eb52702fb36f7') in 0.030901 seconds
Number of updated asset objects reloaded before import = 0
Number of asset objects unloaded after import = 3
========================================================================
Received Import Request.
  Time since last request: 0.000025 seconds.
  path: Assets/Textures/Icons/arrow right.png
  artifactKey: Guid(aa4d974fa1093524983c68976aa33f82) Importer(2089858483,0ecaa5967403d082aa24f35e1b516d23)
Start importing Assets/Textures/Icons/arrow right.png using Guid(aa4d974fa1093524983c68976aa33f82) Importer(2089858483,0ecaa5967403d082aa24f35e1b516d23)  -> (artifact id: 'cdd609692cf5e61c154c3d13aced7e52') in 0.043707 seconds
Number of updated asset objects reloaded before import = 0
Number of asset objects unloaded after import = 3
========================================================================
Received Import Request.
  Time since last request: 0.000053 seconds.
  path: Assets/Scripts/Ads/GoogleAdMobController.cs
  artifactKey: Guid(f0a1fafc0589c444d8692589a2333523) Importer(2089858483,0ecaa5967403d082aa24f35e1b516d23)
Start importing Assets/Scripts/Ads/GoogleAdMobController.cs using Guid(f0a1fafc0589c444d8692589a2333523) Importer(2089858483,0ecaa5967403d082aa24f35e1b516d23)  -> (artifact id: '39ac6d8fab78c2dc785bb41d2839de05') in 0.028840 seconds
Number of updated asset objects reloaded before import = 0
Number of asset objects unloaded after import = 1
========================================================================
Received Import Request.
  Time since last request: 0.000090 seconds.
  path: Assets/ReviewScript.cs
  artifactKey: Guid(8738de4164af04842b5027c4577ef5a6) Importer(2089858483,0ecaa5967403d082aa24f35e1b516d23)
Start importing Assets/ReviewScript.cs using Guid(8738de4164af04842b5027c4577ef5a6) Importer(2089858483,0ecaa5967403d082aa24f35e1b516d23)  -> (artifact id: 'c0a67bde78339d432d3014eeab53382d') in 0.043303 seconds
Number of updated asset objects reloaded before import = 0
Number of asset objects unloaded after import = 1
========================================================================
Received Import Request.
  Time since last request: 0.000051 seconds.
  path: Assets/Scripts/Extensions/PopUp.cs
  artifactKey: Guid(bb04e1be5a8515447bb2904ecaa2d62c) Importer(2089858483,0ecaa5967403d082aa24f35e1b516d23)
Start importing Assets/Scripts/Extensions/PopUp.cs using Guid(bb04e1be5a8515447bb2904ecaa2d62c) Importer(2089858483,0ecaa5967403d082aa24f35e1b516d23)  -> (artifact id: 'f01b925b3ac3bcff6f6ecb41ddc17800') in 0.033765 seconds
Number of updated asset objects reloaded before import = 0
Number of asset objects unloaded after import = 1
========================================================================
Received Import Request.
  Time since last request: 0.000200 seconds.
  path: Assets/Scenes/Settings.unity
  artifactKey: Guid(f673d93e12fe8b0488f81782c84c7199) Importer(2089858483,0ecaa5967403d082aa24f35e1b516d23)
Start importing Assets/Scenes/Settings.unity using Guid(f673d93e12fe8b0488f81782c84c7199) Importer(2089858483,0ecaa5967403d082aa24f35e1b516d23)  -> (artifact id: '69c5bc1d3f806a6b614205ea369b32cf') in 0.022498 seconds
Number of updated asset objects reloaded before import = 0
Number of asset objects unloaded after import = 1
========================================================================
Received Import Request.
  Time since last request: 0.000043 seconds.
  path: Assets/Animations/PlayButton.controller
  artifactKey: Guid(aead105ebbda30c4686c8e8bcd61e588) Importer(2089858483,0ecaa5967403d082aa24f35e1b516d23)
Start importing Assets/Animations/PlayButton.controller using Guid(aead105ebbda30c4686c8e8bcd61e588) Importer(2089858483,0ecaa5967403d082aa24f35e1b516d23)  -> (artifact id: '7894c2b165886a689022c768bf3a6406') in 0.033991 seconds
Number of updated asset objects reloaded before import = 0
Number of asset objects unloaded after import = 17
========================================================================
Received Import Request.
  Time since last request: 0.000015 seconds.
  path: Assets/Scripts/Database/Database.cs
  artifactKey: Guid(c2ab9070e111e0c43a20a3971031f588) Importer(2089858483,0ecaa5967403d082aa24f35e1b516d23)
Start importing Assets/Scripts/Database/Database.cs using Guid(c2ab9070e111e0c43a20a3971031f588) Importer(2089858483,0ecaa5967403d082aa24f35e1b516d23)  -> (artifact id: '07b37b3b0ec1cd6d9db1eb4e1c984a39') in 0.011418 seconds
Number of updated asset objects reloaded before import = 0
Number of asset objects unloaded after import = 1
========================================================================
Received Import Request.
  Time since last request: 0.000044 seconds.
  path: Assets/Audio/CasualGameSounds/DM-CGS-23.wav
  artifactKey: Guid(a0ca8964c08d54c5dbebf245bdc474ca) Importer(2089858483,0ecaa5967403d082aa24f35e1b516d23)
Start importing Assets/Audio/CasualGameSounds/DM-CGS-23.wav using Guid(a0ca8964c08d54c5dbebf245bdc474ca) Importer(2089858483,0ecaa5967403d082aa24f35e1b516d23)  -> (artifact id: 'dbfbac21fa4f62a02bb5249e56863614') in 0.067193 seconds
Number of updated asset objects reloaded before import = 0
Number of asset objects unloaded after import = 1
========================================================================
Received Import Request.
  Time since last request: 0.000017 seconds.
  path: Assets/GoogleMobileAds/Editor/PListProcessor.cs
  artifactKey: Guid(d1d26b084dc244c8c818f67662e51f6c) Importer(2089858483,0ecaa5967403d082aa24f35e1b516d23)
Start importing Assets/GoogleMobileAds/Editor/PListProcessor.cs using Guid(d1d26b084dc244c8c818f67662e51f6c) Importer(2089858483,0ecaa5967403d082aa24f35e1b516d23)  -> (artifact id: 'ebf2df27ca13827095975f75fde7ee24') in 0.012576 seconds
Number of updated asset objects reloaded before import = 0
Number of asset objects unloaded after import = 1
========================================================================
Received Import Request.
  Time since last request: 0.000017 seconds.
  path: Assets/Scripts/Skin/SkinSelect.cs
  artifactKey: Guid(3e8a63aaf0085ce45802c2b511f97928) Importer(2089858483,0ecaa5967403d082aa24f35e1b516d23)
Start importing Assets/Scripts/Skin/SkinSelect.cs using Guid(3e8a63aaf0085ce45802c2b511f97928) Importer(2089858483,0ecaa5967403d082aa24f35e1b516d23)  -> (artifact id: '71461c7b4ae7493dc73914c694e01d0a') in 0.011552 seconds
Number of updated asset objects reloaded before import = 0
Number of asset objects unloaded after import = 1
========================================================================
Received Import Request.
  Time since last request: 0.000017 seconds.
  path: Assets/Materials/DatabaseJson.json
  artifactKey: Guid(fcecd20b60282c2468db69bf92ebce6d) Importer(2089858483,0ecaa5967403d082aa24f35e1b516d23)
Start importing Assets/Materials/DatabaseJson.json using Guid(fcecd20b60282c2468db69bf92ebce6d) Importer(2089858483,0ecaa5967403d082aa24f35e1b516d23)  -> (artifact id: '27559b0b22de07ee212aacaa2c0563b7') in 0.015370 seconds
Number of updated asset objects reloaded before import = 0
Number of asset objects unloaded after import = 1
========================================================================
Received Import Request.
  Time since last request: 0.000021 seconds.
  path: Assets/Audio/CasualGameSounds/DM-CGS-34.wav
  artifactKey: Guid(881e3f52c86c94f26a60718d35627cd8) Importer(2089858483,0ecaa5967403d082aa24f35e1b516d23)
Start importing Assets/Audio/CasualGameSounds/DM-CGS-34.wav using Guid(881e3f52c86c94f26a60718d35627cd8) Importer(2089858483,0ecaa5967403d082aa24f35e1b516d23)  -> (artifact id: '494d6c574d74d2012e0bb2301a769368') in 0.062419 seconds
Number of updated asset objects reloaded before import = 0
Number of asset objects unloaded after import = 1
========================================================================
Received Import Request.
  Time since last request: 0.000022 seconds.
  path: Assets/Textures/Icons/game console.png
  artifactKey: Guid(9070a7f09f0fb5347a8cb539017102d2) Importer(2089858483,0ecaa5967403d082aa24f35e1b516d23)
Start importing Assets/Textures/Icons/game console.png using Guid(9070a7f09f0fb5347a8cb539017102d2) Importer(2089858483,0ecaa5967403d082aa24f35e1b516d23)  -> (artifact id: '93d646daef55c1f3149c02dae4b16eed') in 0.025609 seconds
Number of updated asset objects reloaded before import = 0
Number of asset objects unloaded after import = 3
========================================================================
Received Import Request.
  Time since last request: 0.000024 seconds.
  path: Assets/Textures/Shapes/Particle - teeth.png
  artifactKey: Guid(f073fec7b65c121469021e5a83e6475d) Importer(2089858483,0ecaa5967403d082aa24f35e1b516d23)
Start importing Assets/Textures/Shapes/Particle - teeth.png using Guid(f073fec7b65c121469021e5a83e6475d) Importer(2089858483,0ecaa5967403d082aa24f35e1b516d23)  -> (artifact id: '8b87c136831f0ca9d74fffed55e5a46a') in 0.030479 seconds
Number of updated asset objects reloaded before import = 0
Number of asset objects unloaded after import = 3
========================================================================
Received Import Request.
  Time since last request: 0.000016 seconds.
  path: Assets/Textures/Images/Icon.png
  artifactKey: Guid(e281051f825896c499a576d5796f1a65) Importer(2089858483,0ecaa5967403d082aa24f35e1b516d23)
Start importing Assets/Textures/Images/Icon.png using Guid(e281051f825896c499a576d5796f1a65) Importer(2089858483,0ecaa5967403d082aa24f35e1b516d23)  -> (artifact id: '216a8d8f0513bc0932563ed5f29761b9') in 0.024716 seconds
Number of updated asset objects reloaded before import = 0
Number of asset objects unloaded after import = 3
========================================================================
Received Import Request.
  Time since last request: 0.000145 seconds.
  path: Assets/Animations/ShopButton/Shop.controller
  artifactKey: Guid(7c297d0d6476c0e47a85ad0ffa5743c0) Importer(2089858483,0ecaa5967403d082aa24f35e1b516d23)
Start importing Assets/Animations/ShopButton/Shop.controller using Guid(7c297d0d6476c0e47a85ad0ffa5743c0) Importer(2089858483,0ecaa5967403d082aa24f35e1b516d23)  -> (artifact id: '48ac8c623e6d9cfa731ed44768c3e38d') in 0.012559 seconds
Number of updated asset objects reloaded before import = 0
Number of asset objects unloaded after import = 12
========================================================================
Received Import Request.
  Time since last request: 0.000015 seconds.
  path: Assets/Audio/CasualGameSounds/DM-CGS-17.wav
  artifactKey: Guid(b9eff218e132a4e76be78840eca96fb2) Importer(2089858483,0ecaa5967403d082aa24f35e1b516d23)
Start importing Assets/Audio/CasualGameSounds/DM-CGS-17.wav using Guid(b9eff218e132a4e76be78840eca96fb2) Importer(2089858483,0ecaa5967403d082aa24f35e1b516d23)  -> (artifact id: 'eb3083c652a59ebc1cffe2bc06c2c4f2') in 0.177058 seconds
Number of updated asset objects reloaded before import = 0
Number of asset objects unloaded after import = 1
========================================================================
Received Import Request.
  Time since last request: 0.000019 seconds.
  path: Assets/Audio/CasualGameSounds/DM-CGS-12.wav
  artifactKey: Guid(7478151cf36724a7dada558f746c3633) Importer(2089858483,0ecaa5967403d082aa24f35e1b516d23)
Start importing Assets/Audio/CasualGameSounds/DM-CGS-12.wav using Guid(7478151cf36724a7dada558f746c3633) Importer(2089858483,0ecaa5967403d082aa24f35e1b516d23)  -> (artifact id: '47b6892793d3dbe6e5fe73845f57aded') in 0.065435 seconds
Number of updated asset objects reloaded before import = 0
Number of asset objects unloaded after import = 1
========================================================================
Received Import Request.
  Time since last request: 0.000022 seconds.
  path: Assets/Textures/Images/Icon 2.0.1.png
  artifactKey: Guid(d4ece131c16e7de4391ae9bfa1d30525) Importer(2089858483,0ecaa5967403d082aa24f35e1b516d23)
Start importing Assets/Textures/Images/Icon 2.0.1.png using Guid(d4ece131c16e7de4391ae9bfa1d30525) Importer(2089858483,0ecaa5967403d082aa24f35e1b516d23)  -> (artifact id: 'c45b0ab71ef4dc2d05300f91cf813f37') in 0.026156 seconds
Number of updated asset objects reloaded before import = 0
Number of asset objects unloaded after import = 3
========================================================================
Received Import Request.
  Time since last request: 0.000019 seconds.
  path: Assets/Plugins/iOS/GADUAdNetworkExtras.h
  artifactKey: Guid(1c0d8a6c9b36440eaa4c01518670217f) Importer(2089858483,0ecaa5967403d082aa24f35e1b516d23)
Start importing Assets/Plugins/iOS/GADUAdNetworkExtras.h using Guid(1c0d8a6c9b36440eaa4c01518670217f) Importer(2089858483,0ecaa5967403d082aa24f35e1b516d23)  -> (artifact id: '4b44816dd0677013642b38fab796b119') in 0.012268 seconds
Number of updated asset objects reloaded before import = 0
Number of asset objects unloaded after import = 1
========================================================================
Received Import Request.
  Time since last request: 0.000017 seconds.
  path: Assets/Textures/AppTextures/Danger Platform Light.png
  artifactKey: Guid(f0d97156270506742be1f48c2d956e58) Importer(2089858483,0ecaa5967403d082aa24f35e1b516d23)
Start importing Assets/Textures/AppTextures/Danger Platform Light.png using Guid(f0d97156270506742be1f48c2d956e58) Importer(2089858483,0ecaa5967403d082aa24f35e1b516d23)  -> (artifact id: 'be325912d6d07b734c6246f45e4019dc') in 0.025490 seconds
Number of updated asset objects reloaded before import = 0
Number of asset objects unloaded after import = 3
========================================================================
Received Import Request.
  Time since last request: 0.000015 seconds.
  path: Assets/Plugins/Android/googlemobileads-unity.aar
  artifactKey: Guid(f6190f2d34454c59917a4c1305f171d3) Importer(2089858483,0ecaa5967403d082aa24f35e1b516d23)
Start importing Assets/Plugins/Android/googlemobileads-unity.aar using Guid(f6190f2d34454c59917a4c1305f171d3) Importer(2089858483,0ecaa5967403d082aa24f35e1b516d23)  -> (artifact id: 'd1b3de3e749e6941d7ecf6ec5a9e62f0') in 0.011734 seconds
Number of updated asset objects reloaded before import = 0
Number of asset objects unloaded after import = 1
========================================================================
Received Import Request.
  Time since last request: 0.000037 seconds.
  path: Assets/Textures/AppTextures/woman.jpg
  artifactKey: Guid(a6de09bfa4f872145a5289b7c58e5e92) Importer(2089858483,0ecaa5967403d082aa24f35e1b516d23)
Start importing Assets/Textures/AppTextures/woman.jpg using Guid(a6de09bfa4f872145a5289b7c58e5e92) Importer(2089858483,0ecaa5967403d082aa24f35e1b516d23)  -> (artifact id: '921c2ab85ad8226db5cb541f6b2c6a05') in 0.023424 seconds
Number of updated asset objects reloaded before import = 0
Number of asset objects unloaded after import = 3
========================================================================
Received Import Request.
  Time since last request: 0.000016 seconds.
  path: Assets/Scripts/Trackers/ScoreScript.cs
  artifactKey: Guid(aba7e9f9339043b4a8d8a49d94b666db) Importer(2089858483,0ecaa5967403d082aa24f35e1b516d23)
Start importing Assets/Scripts/Trackers/ScoreScript.cs using Guid(aba7e9f9339043b4a8d8a49d94b666db) Importer(2089858483,0ecaa5967403d082aa24f35e1b516d23)  -> (artifact id: 'ee84a34c81e78b3c257af65737f5a60d') in 0.010120 seconds
Number of updated asset objects reloaded before import = 0
Number of asset objects unloaded after import = 1
========================================================================
Received Import Request.
  Time since last request: 0.000036 seconds.
  path: Assets/Audio/CasualGameSounds/DM-CGS-28.wav
  artifactKey: Guid(79180f511d89441b9aa23ccae1992fe0) Importer(2089858483,0ecaa5967403d082aa24f35e1b516d23)
Start importing Assets/Audio/CasualGameSounds/DM-CGS-28.wav using Guid(79180f511d89441b9aa23ccae1992fe0) Importer(2089858483,0ecaa5967403d082aa24f35e1b516d23)  -> (artifact id: 'a7cb2df47f57b8f3188cbad0c8b19b52') in 0.064391 seconds
Number of updated asset objects reloaded before import = 0
Number of asset objects unloaded after import = 1
========================================================================
Received Import Request.
  Time since last request: 0.000030 seconds.
  path: Assets/Plugins/SimpleFolderIcon/Icons/Prefabs.png
  artifactKey: Guid(bb321d21ec6df16479b3b7ca2912c9c7) Importer(2089858483,0ecaa5967403d082aa24f35e1b516d23)
Start importing Assets/Plugins/SimpleFolderIcon/Icons/Prefabs.png using Guid(bb321d21ec6df16479b3b7ca2912c9c7) Importer(2089858483,0ecaa5967403d082aa24f35e1b516d23)  -> (artifact id: '2be4088418c9172e208198650a590562') in 0.020896 seconds
Number of updated asset objects reloaded before import = 0
Number of asset objects unloaded after import = 1
========================================================================
Received Import Request.
  Time since last request: 0.000027 seconds.
  path: Assets/Plugins/SimpleFolderIcon/Icons/Resources.png
  artifactKey: Guid(9100ae07f3844b644a425dc2faa495b8) Importer(2089858483,0ecaa5967403d082aa24f35e1b516d23)
Start importing Assets/Plugins/SimpleFolderIcon/Icons/Resources.png using Guid(9100ae07f3844b644a425dc2faa495b8) Importer(2089858483,0ecaa5967403d082aa24f35e1b516d23)  -> (artifact id: '81f080c566e5de3d1871d8fd180c3e51') in 0.022547 seconds
Number of updated asset objects reloaded before import = 0
Number of asset objects unloaded after import = 1
========================================================================
Received Import Request.
  Time since last request: 0.000022 seconds.
  path: Assets/Plugins/SimpleFolderIcon/Editor/IconDictionaryCreator.cs
  artifactKey: Guid(0a77cadbfb2c5454abdf50f2e809e1d9) Importer(2089858483,0ecaa5967403d082aa24f35e1b516d23)
Start importing Assets/Plugins/SimpleFolderIcon/Editor/IconDictionaryCreator.cs using Guid(0a77cadbfb2c5454abdf50f2e809e1d9) Importer(2089858483,0ecaa5967403d082aa24f35e1b516d23)  -> (artifact id: '498e6b030dff34adf37cd0d9cf578a32') in 0.012802 seconds
Number of updated asset objects reloaded before import = 0
Number of asset objects unloaded after import = 1
========================================================================
Received Import Request.
  Time since last request: 0.000033 seconds.
  path: Assets/Plugins/SimpleFolderIcon/Icons/GoogleMobileAds.png
  artifactKey: Guid(78eeb920cc73f444b874a012016e0aba) Importer(2089858483,0ecaa5967403d082aa24f35e1b516d23)
Start importing Assets/Plugins/SimpleFolderIcon/Icons/GoogleMobileAds.png using Guid(78eeb920cc73f444b874a012016e0aba) Importer(2089858483,0ecaa5967403d082aa24f35e1b516d23)  -> (artifact id: '97a691b0e0d66fd3f8825233df8b954a') in 0.023439 seconds
Number of updated asset objects reloaded before import = 0
Number of asset objects unloaded after import = 1
========================================================================
Received Import Request.
  Time since last request: 0.000017 seconds.
  path: Assets/Plugins/SimpleFolderIcon/Editor/CustomFolder.cs
  artifactKey: Guid(aac759806ab097f4c8e471a5f411afde) Importer(2089858483,0ecaa5967403d082aa24f35e1b516d23)
Start importing Assets/Plugins/SimpleFolderIcon/Editor/CustomFolder.cs using Guid(aac759806ab097f4c8e471a5f411afde) Importer(2089858483,0ecaa5967403d082aa24f35e1b516d23)  -> (artifact id: '50f62c14cd55e5797773fa134ab157b3') in 0.012837 seconds
Number of updated asset objects reloaded before import = 0
Number of asset objects unloaded after import = 1
========================================================================
Received Import Request.
  Time since last request: 0.000021 seconds.
  path: Assets/Scripts/xxx/TabButton.cs
  artifactKey: Guid(85241093115137444be02f21e9816f05) Importer(2089858483,0ecaa5967403d082aa24f35e1b516d23)
Start importing Assets/Scripts/xxx/TabButton.cs using Guid(85241093115137444be02f21e9816f05) Importer(2089858483,0ecaa5967403d082aa24f35e1b516d23)  -> (artifact id: '4d9fdfde7562200b13ee2f269b43d06c') in 0.012038 seconds
Number of updated asset objects reloaded before import = 0
Number of asset objects unloaded after import = 1
========================================================================
Received Import Request.
  Time since last request: 0.000036 seconds.
  path: Assets/Prefabs/Boosts/Coin.prefab
  artifactKey: Guid(a79484a3f27f736469f269d8221b89cd) Importer(2089858483,0ecaa5967403d082aa24f35e1b516d23)
Start importing Assets/Prefabs/Boosts/Coin.prefab using Guid(a79484a3f27f736469f269d8221b89cd) Importer(2089858483,0ecaa5967403d082aa24f35e1b516d23)  -> (artifact id: 'fd12ad092b35ac97b85b3ff6f6975b6e') in 0.022286 seconds
Number of updated asset objects reloaded before import = 0
Number of asset objects unloaded after import = 9
========================================================================
Received Import Request.
  Time since last request: 0.000018 seconds.
  path: Assets/Plugins/Android/mainTemplate.gradle
  artifactKey: Guid(0132367ecc1e80b4aabe2805d94d45b1) Importer(2089858483,0ecaa5967403d082aa24f35e1b516d23)
Start importing Assets/Plugins/Android/mainTemplate.gradle using Guid(0132367ecc1e80b4aabe2805d94d45b1) Importer(2089858483,0ecaa5967403d082aa24f35e1b516d23)  -> (artifact id: 'f002e0ac4f8f9facf355cf44fc60b048') in 0.012408 seconds
Number of updated asset objects reloaded before import = 0
Number of asset objects unloaded after import = 1
========================================================================
Received Import Request.
  Time since last request: 0.000019 seconds.
  path: Assets/Audio/CasualGameSounds/DM-CGS-38.wav
  artifactKey: Guid(84e427d6b66ab4066b6a4dcd0ce819ee) Importer(2089858483,0ecaa5967403d082aa24f35e1b516d23)
Start importing Assets/Audio/CasualGameSounds/DM-CGS-38.wav using Guid(84e427d6b66ab4066b6a4dcd0ce819ee) Importer(2089858483,0ecaa5967403d082aa24f35e1b516d23)  -> (artifact id: '595cae7e62cd778e9bdd52cd86a658de') in 0.057242 seconds
Number of updated asset objects reloaded before import = 0
Number of asset objects unloaded after import = 1
========================================================================
Received Import Request.
  Time since last request: 0.000018 seconds.
  path: Assets/Textures/AppTextures/cross.png
  artifactKey: Guid(e414d984832aaad46b0ea563e1ac80fe) Importer(2089858483,0ecaa5967403d082aa24f35e1b516d23)
Start importing Assets/Textures/AppTextures/cross.png using Guid(e414d984832aaad46b0ea563e1ac80fe) Importer(2089858483,0ecaa5967403d082aa24f35e1b516d23)  -> (artifact id: '70c0fb56bafd48af8ba61eb202b37d82') in 0.029452 seconds
Number of updated asset objects reloaded before import = 0
Number of asset objects unloaded after import = 3
========================================================================
Received Import Request.
  Time since last request: 0.000016 seconds.
  path: Assets/Audio/CasualGameSounds/DM-CGS-18.wav
  artifactKey: Guid(2667a0a008b044e218b63df62e2be749) Importer(2089858483,0ecaa5967403d082aa24f35e1b516d23)
Start importing Assets/Audio/CasualGameSounds/DM-CGS-18.wav using Guid(2667a0a008b044e218b63df62e2be749) Importer(2089858483,0ecaa5967403d082aa24f35e1b516d23)  -> (artifact id: 'f16db9c92c2faca645fbf9c94c5a2c46') in 0.182345 seconds
Number of updated asset objects reloaded before import = 0
Number of asset objects unloaded after import = 1
========================================================================
Received Import Request.
  Time since last request: 0.000019 seconds.
  path: Assets/Scenes/Shop.unity
  artifactKey: Guid(a5010e9b748241d46b3855b554d21944) Importer(2089858483,0ecaa5967403d082aa24f35e1b516d23)
Start importing Assets/Scenes/Shop.unity using Guid(a5010e9b748241d46b3855b554d21944) Importer(2089858483,0ecaa5967403d082aa24f35e1b516d23)  -> (artifact id: '1984fb80f9ee32fab77097913206b266') in 0.011771 seconds
Number of updated asset objects reloaded before import = 0
Number of asset objects unloaded after import = 1
========================================================================
Received Import Request.
  Time since last request: 0.000069 seconds.
  path: Assets/Textures/Shapes/White Round.png
  artifactKey: Guid(a0681920afb008f45aaf9fbb39ebcf51) Importer(2089858483,0ecaa5967403d082aa24f35e1b516d23)
Start importing Assets/Textures/Shapes/White Round.png using Guid(a0681920afb008f45aaf9fbb39ebcf51) Importer(2089858483,0ecaa5967403d082aa24f35e1b516d23)  -> (artifact id: 'd61c72de43e9dd7c4fabba86fc18ade2') in 0.027724 seconds
Number of updated asset objects reloaded before import = 0
Number of asset objects unloaded after import = 3
========================================================================
Received Import Request.
  Time since last request: 0.000019 seconds.
  path: Assets/Scenes/Game.unity
  artifactKey: Guid(2cda990e2423bbf4892e6590ba056729) Importer(2089858483,0ecaa5967403d082aa24f35e1b516d23)
Start importing Assets/Scenes/Game.unity using Guid(2cda990e2423bbf4892e6590ba056729) Importer(2089858483,0ecaa5967403d082aa24f35e1b516d23)  -> (artifact id: '81f69739272d838bfa41d4436518de01') in 0.017675 seconds
Number of updated asset objects reloaded before import = 0
Number of asset objects unloaded after import = 1
========================================================================
Received Import Request.
  Time since last request: 0.000052 seconds.
  path: Assets/Plugins/TextMesh Pro/Resources/LineBreaking Leading Characters.txt
  artifactKey: Guid(d82c1b31c7e74239bff1220585707d2b) Importer(2089858483,0ecaa5967403d082aa24f35e1b516d23)
Start importing Assets/Plugins/TextMesh Pro/Resources/LineBreaking Leading Characters.txt using Guid(d82c1b31c7e74239bff1220585707d2b) Importer(2089858483,0ecaa5967403d082aa24f35e1b516d23)  -> (artifact id: '7052cbd9f677be9b2e3943ced96c32ea') in 0.011286 seconds
Number of updated asset objects reloaded before import = 0
Number of asset objects unloaded after import = 1
========================================================================
Received Import Request.
  Time since last request: 0.000375 seconds.
  path: Assets/Plugins/SimpleFolderIcon/Icons/Settings1.png
  artifactKey: Guid(3eeb12e1542f9da42815f009b4d9f05d) Importer(2089858483,0ecaa5967403d082aa24f35e1b516d23)
Start importing Assets/Plugins/SimpleFolderIcon/Icons/Settings1.png using Guid(3eeb12e1542f9da42815f009b4d9f05d) Importer(2089858483,0ecaa5967403d082aa24f35e1b516d23)  -> (artifact id: '825af978d08ce0cff6deea910e1bdb85') in 0.032468 seconds
Number of updated asset objects reloaded before import = 0
Number of asset objects unloaded after import = 1
========================================================================
Received Import Request.
  Time since last request: 0.000021 seconds.
  path: Assets/Plugins/SimpleFolderIcon/Icons/Sprites.png
  artifactKey: Guid(b37da4319a2a50d4ebe3cc38697d9acf) Importer(2089858483,0ecaa5967403d082aa24f35e1b516d23)
Start importing Assets/Plugins/SimpleFolderIcon/Icons/Sprites.png using Guid(b37da4319a2a50d4ebe3cc38697d9acf) Importer(2089858483,0ecaa5967403d082aa24f35e1b516d23)  -> (artifact id: 'cb5da4dff1af631e747b41cc84f63106') in 0.031326 seconds
Number of updated asset objects reloaded before import = 0
Number of asset objects unloaded after import = 1
========================================================================
Received Import Request.
  Time since last request: 0.000022 seconds.
  path: Assets/Plugins/TextMesh Pro/Documentation/TextMesh Pro User Guide 2016.pdf
  artifactKey: Guid(1b8d251f9af63b746bf2f7ffe00ebb9b) Importer(2089858483,0ecaa5967403d082aa24f35e1b516d23)
Start importing Assets/Plugins/TextMesh Pro/Documentation/TextMesh Pro User Guide 2016.pdf using Guid(1b8d251f9af63b746bf2f7ffe00ebb9b) Importer(2089858483,0ecaa5967403d082aa24f35e1b516d23)  -> (artifact id: '4aef9ea4906d62f9c92a5cd4deb73c06') in 0.017658 seconds
Number of updated asset objects reloaded before import = 0
Number of asset objects unloaded after import = 1
========================================================================
Received Import Request.
  Time since last request: 0.000023 seconds.
  path: Assets/Plugins/TextMesh Pro/Shaders/TMPro_Surface.cginc
  artifactKey: Guid(d930090c0cd643c7b55f19a38538c162) Importer(2089858483,0ecaa5967403d082aa24f35e1b516d23)
Start importing Assets/Plugins/TextMesh Pro/Shaders/TMPro_Surface.cginc using Guid(d930090c0cd643c7b55f19a38538c162) Importer(2089858483,0ecaa5967403d082aa24f35e1b516d23)  -> (artifact id: '0c1ae618269a2a16ae5d4d5f57f26d4b') in 0.022623 seconds
Number of updated asset objects reloaded before import = 0
Number of asset objects unloaded after import = 1
========================================================================
Received Import Request.
  Time since last request: 0.000019 seconds.
  path: Assets/Plugins/TextMesh Pro/Fonts/LiberationSans.ttf
  artifactKey: Guid(e3265ab4bf004d28a9537516768c1c75) Importer(2089858483,0ecaa5967403d082aa24f35e1b516d23)
Start importing Assets/Plugins/TextMesh Pro/Fonts/LiberationSans.ttf using Guid(e3265ab4bf004d28a9537516768c1c75) Importer(2089858483,0ecaa5967403d082aa24f35e1b516d23)  -> (artifact id: '5dfde12accafba61bca08035bbbfffc1') in 0.031963 seconds
Number of updated asset objects reloaded before import = 0
Number of asset objects unloaded after import = 3
========================================================================
Received Import Request.
  Time since last request: 0.000020 seconds.
  path: Assets/Plugins/TextMesh Pro/Resources/TMP Settings.asset
  artifactKey: Guid(3f5b5dff67a942289a9defa416b206f3) Importer(2089858483,0ecaa5967403d082aa24f35e1b516d23)
Start importing Assets/Plugins/TextMesh Pro/Resources/TMP Settings.asset using Guid(3f5b5dff67a942289a9defa416b206f3) Importer(2089858483,0ecaa5967403d082aa24f35e1b516d23)  -> (artifact id: '2325cdcc10f5bd1a1f27953dd2037023') in 0.052658 seconds
Number of updated asset objects reloaded before import = 0
Number of asset objects unloaded after import = 15
========================================================================
Received Import Request.
  Time since last request: 0.000024 seconds.
  path: Assets/Plugins/SimpleFolderIcon/Icons/Textures.png
  artifactKey: Guid(cb4c49e67fb74904287e1799e8b3e47b) Importer(2089858483,0ecaa5967403d082aa24f35e1b516d23)
Start importing Assets/Plugins/SimpleFolderIcon/Icons/Textures.png using Guid(cb4c49e67fb74904287e1799e8b3e47b) Importer(2089858483,0ecaa5967403d082aa24f35e1b516d23)  -> (artifact id: '3516650f13887f1841fb285c5457a553') in 0.021127 seconds
Number of updated asset objects reloaded before import = 0
Number of asset objects unloaded after import = 1
========================================================================
Received Import Request.
  Time since last request: 0.000018 seconds.
  path: Assets/Plugins/SimpleFolderIcon/Icons/Audio.png
  artifactKey: Guid(30b6f094fe545f640b5f5da798a13fb8) Importer(2089858483,0ecaa5967403d082aa24f35e1b516d23)
Start importing Assets/Plugins/SimpleFolderIcon/Icons/Audio.png using Guid(30b6f094fe545f640b5f5da798a13fb8) Importer(2089858483,0ecaa5967403d082aa24f35e1b516d23)  -> (artifact id: 'cae52f394271b5ed659b3df4d5220890') in 0.023698 seconds
Number of updated asset objects reloaded before import = 0
Number of asset objects unloaded after import = 1
========================================================================
Received Import Request.
  Time since last request: 0.000037 seconds.
  path: Assets/Plugins/SimpleFolderIcon/Icons/Scenes.png
  artifactKey: Guid(e883a49e0791ffb4da111b699600a550) Importer(2089858483,0ecaa5967403d082aa24f35e1b516d23)
Start importing Assets/Plugins/SimpleFolderIcon/Icons/Scenes.png using Guid(e883a49e0791ffb4da111b699600a550) Importer(2089858483,0ecaa5967403d082aa24f35e1b516d23)  -> (artifact id: '3e29f650cb0b8b74d2312e1d53f01c60') in 0.021877 seconds
Number of updated asset objects reloaded before import = 0
Number of asset objects unloaded after import = 1
========================================================================
Received Import Request.
  Time since last request: 0.000045 seconds.
  path: Assets/GoogleMobileAds/GoogleMobileAds.Ump.Android.dll
  artifactKey: Guid(bf90317f8c2e41979b0be47e1b17c528) Importer(2089858483,0ecaa5967403d082aa24f35e1b516d23)
Start importing Assets/GoogleMobileAds/GoogleMobileAds.Ump.Android.dll using Guid(bf90317f8c2e41979b0be47e1b17c528) Importer(2089858483,0ecaa5967403d082aa24f35e1b516d23)  -> (artifact id: 'f24f3ec8295a77aadc8d0dfcafd467fe') in 0.015587 seconds
Number of updated asset objects reloaded before import = 0
Number of asset objects unloaded after import = 1
========================================================================
Received Import Request.
  Time since last request: 0.000022 seconds.
  path: Assets/GoogleMobileAds/GoogleMobileAds.iOS.dll
  artifactKey: Guid(735ca9cf259f453abac02f4573d8a420) Importer(2089858483,0ecaa5967403d082aa24f35e1b516d23)
Start importing Assets/GoogleMobileAds/GoogleMobileAds.iOS.dll using Guid(735ca9cf259f453abac02f4573d8a420) Importer(2089858483,0ecaa5967403d082aa24f35e1b516d23)  -> (artifact id: 'a8037fcff960b25710ac4200f9d8e3f6') in 0.014310 seconds
Number of updated asset objects reloaded before import = 0
Number of asset objects unloaded after import = 1
========================================================================
Received Import Request.
  Time since last request: 0.000033 seconds.
  path: Assets/Audio/CasualGameSounds/DM-CGS-20.wav
  artifactKey: Guid(6e8772b49f34d402a90016ed445d8a2f) Importer(2089858483,0ecaa5967403d082aa24f35e1b516d23)
Start importing Assets/Audio/CasualGameSounds/DM-CGS-20.wav using Guid(6e8772b49f34d402a90016ed445d8a2f) Importer(2089858483,0ecaa5967403d082aa24f35e1b516d23)  -> (artifact id: 'f53390afb0eb3ab80967d5a6049b3e41') in 0.059208 seconds
Number of updated asset objects reloaded before import = 0
Number of asset objects unloaded after import = 1
========================================================================
Received Import Request.
  Time since last request: 0.000086 seconds.
  path: Assets/Plugins/SimpleFolderIcon/Icons/Scripts.png
  artifactKey: Guid(6e5375f7dc7dd98459edcd2fb9a3f8b5) Importer(2089858483,0ecaa5967403d082aa24f35e1b516d23)
Start importing Assets/Plugins/SimpleFolderIcon/Icons/Scripts.png using Guid(6e5375f7dc7dd98459edcd2fb9a3f8b5) Importer(2089858483,0ecaa5967403d082aa24f35e1b516d23)  -> (artifact id: '2a9cdcda6194c94e41dcf301bac9d5bd') in 0.019955 seconds
Number of updated asset objects reloaded before import = 0
Number of asset objects unloaded after import = 1
========================================================================
Received Import Request.
  Time since last request: 0.000020 seconds.
  path: Assets/Textures/Images/Pastel Colors.jpg
  artifactKey: Guid(5999a71371fd21949b6df9235ca51bcd) Importer(2089858483,0ecaa5967403d082aa24f35e1b516d23)
Start importing Assets/Textures/Images/Pastel Colors.jpg using Guid(5999a71371fd21949b6df9235ca51bcd) Importer(2089858483,0ecaa5967403d082aa24f35e1b516d23)  -> (artifact id: 'af2093e8354e356e2d46072ace4e08b4') in 0.053304 seconds
Number of updated asset objects reloaded before import = 0
Number of asset objects unloaded after import = 3
========================================================================
Received Import Request.
  Time since last request: 0.000048 seconds.
  path: Assets/Textures/Shapes/White Round Top.png
  artifactKey: Guid(6f101b0d3d3c5864ab914afc4cbbe16a) Importer(2089858483,0ecaa5967403d082aa24f35e1b516d23)
Start importing Assets/Textures/Shapes/White Round Top.png using Guid(6f101b0d3d3c5864ab914afc4cbbe16a) Importer(2089858483,0ecaa5967403d082aa24f35e1b516d23)  -> (artifact id: '25582f8ac6336940be7d1a801be63094') in 0.041227 seconds
Number of updated asset objects reloaded before import = 0
Number of asset objects unloaded after import = 3
========================================================================
Received Import Request.
  Time since last request: 0.000033 seconds.
  path: Assets/Plugins/TextMesh Pro/Shaders/TMPro_Properties.cginc
  artifactKey: Guid(3997e2241185407d80309a82f9148466) Importer(2089858483,0ecaa5967403d082aa24f35e1b516d23)
Start importing Assets/Plugins/TextMesh Pro/Shaders/TMPro_Properties.cginc using Guid(3997e2241185407d80309a82f9148466) Importer(2089858483,0ecaa5967403d082aa24f35e1b516d23)  -> (artifact id: 'deae8a1408352328c95e32df1aee94e3') in 0.023214 seconds
Number of updated asset objects reloaded before import = 0
Number of asset objects unloaded after import = 1
========================================================================
Received Import Request.
  Time since last request: 0.000020 seconds.
  path: Assets/Audio/CasualGameSounds/DM-CGS-43.wav
  artifactKey: Guid(4b4dd7245f6104c8c8eb07ccf6b386ed) Importer(2089858483,0ecaa5967403d082aa24f35e1b516d23)
Start importing Assets/Audio/CasualGameSounds/DM-CGS-43.wav using Guid(4b4dd7245f6104c8c8eb07ccf6b386ed) Importer(2089858483,0ecaa5967403d082aa24f35e1b516d23)  -> (artifact id: '227f768b848362daadf9e7965c0f353e') in 0.120044 seconds
Number of updated asset objects reloaded before import = 0
Number of asset objects unloaded after import = 1
========================================================================
Received Import Request.
  Time since last request: 0.000020 seconds.
  path: Assets/Plugins/TextMesh Pro/Shaders/TMP_SDF-Mobile Overlay.shader
  artifactKey: Guid(a02a7d8c237544f1962732b55a9aebf1) Importer(2089858483,0ecaa5967403d082aa24f35e1b516d23)
Start importing Assets/Plugins/TextMesh Pro/Shaders/TMP_SDF-Mobile Overlay.shader using Guid(a02a7d8c237544f1962732b55a9aebf1) Importer(2089858483,0ecaa5967403d082aa24f35e1b516d23)  -> (artifact id: '174ee888d6a8e509a1437d95993f1323') in 0.032504 seconds
Number of updated asset objects reloaded before import = 0
Number of asset objects unloaded after import = 1
========================================================================
Received Import Request.
  Time since last request: 0.000025 seconds.
  path: Assets/Plugins/TextMesh Pro/Sprites/EmojiOne.png
  artifactKey: Guid(dffef66376be4fa480fb02b19edbe903) Importer(2089858483,0ecaa5967403d082aa24f35e1b516d23)
Start importing Assets/Plugins/TextMesh Pro/Sprites/EmojiOne.png using Guid(dffef66376be4fa480fb02b19edbe903) Importer(2089858483,0ecaa5967403d082aa24f35e1b516d23)  -> (artifact id: '148b27fbcf56212512ccadd4598cd446') in 0.050296 seconds
Number of updated asset objects reloaded before import = 0
Number of asset objects unloaded after import = 1
========================================================================
Received Import Request.
  Time since last request: 0.000039 seconds.
  path: Assets/Plugins/TextMesh Pro/Shaders/TMP_Bitmap-Custom-Atlas.shader
  artifactKey: Guid(48bb5f55d8670e349b6e614913f9d910) Importer(2089858483,0ecaa5967403d082aa24f35e1b516d23)
Start importing Assets/Plugins/TextMesh Pro/Shaders/TMP_Bitmap-Custom-Atlas.shader using Guid(48bb5f55d8670e349b6e614913f9d910) Importer(2089858483,0ecaa5967403d082aa24f35e1b516d23)  -> (artifact id: '9ca401b4d619cfb1c51740397394b9d4') in 0.015915 seconds
Number of updated asset objects reloaded before import = 0
Number of asset objects unloaded after import = 1
========================================================================
Received Import Request.
  Time since last request: 0.000028 seconds.
  path: Assets/Plugins/TextMesh Pro/Sprites/EmojiOne Attribution.txt
  artifactKey: Guid(381dcb09d5029d14897e55f98031fca5) Importer(2089858483,0ecaa5967403d082aa24f35e1b516d23)
Start importing Assets/Plugins/TextMesh Pro/Sprites/EmojiOne Attribution.txt using Guid(381dcb09d5029d14897e55f98031fca5) Importer(2089858483,0ecaa5967403d082aa24f35e1b516d23)  -> (artifact id: '9f45b16b05a9c82f326a662a7a6085b2') in 0.015751 seconds
Number of updated asset objects reloaded before import = 0
Number of asset objects unloaded after import = 1
========================================================================
Received Import Request.
  Time since last request: 0.000023 seconds.
  path: Assets/Prefabs/Grounds/Moving/Moving Platform Shoe.prefab
  artifactKey: Guid(699076c4c52e614409273cf0f2cb2dd5) Importer(2089858483,0ecaa5967403d082aa24f35e1b516d23)
Start importing Assets/Prefabs/Grounds/Moving/Moving Platform Shoe.prefab using Guid(699076c4c52e614409273cf0f2cb2dd5) Importer(2089858483,0ecaa5967403d082aa24f35e1b516d23)  -> (artifact id: '3d5d6d95d2be2d921b5ffb1346f2ccd1') in 0.021824 seconds
Number of updated asset objects reloaded before import = 0
Number of asset objects unloaded after import = 22
========================================================================
Received Import Request.
  Time since last request: 0.000016 seconds.
  path: Assets/Plugins/TextMesh Pro/Shaders/TMP_SDF-Mobile Masking.shader
  artifactKey: Guid(bc1ede39bf3643ee8e493720e4259791) Importer(2089858483,0ecaa5967403d082aa24f35e1b516d23)
Start importing Assets/Plugins/TextMesh Pro/Shaders/TMP_SDF-Mobile Masking.shader using Guid(bc1ede39bf3643ee8e493720e4259791) Importer(2089858483,0ecaa5967403d082aa24f35e1b516d23)  -> (artifact id: 'e5102474beb6158321243121b8ac9366') in 0.012607 seconds
Number of updated asset objects reloaded before import = 0
Number of asset objects unloaded after import = 1
========================================================================
Received Import Request.
  Time since last request: 0.000031 seconds.
  path: Assets/Plugins/TextMesh Pro/Shaders/TMP_Bitmap.shader
  artifactKey: Guid(128e987d567d4e2c824d754223b3f3b0) Importer(2089858483,0ecaa5967403d082aa24f35e1b516d23)
Start importing Assets/Plugins/TextMesh Pro/Shaders/TMP_Bitmap.shader using Guid(128e987d567d4e2c824d754223b3f3b0) Importer(2089858483,0ecaa5967403d082aa24f35e1b516d23)  -> (artifact id: 'b9fcea985eb1dd0ac5fdf22709e62ac0') in 0.011758 seconds
Number of updated asset objects reloaded before import = 0
Number of asset objects unloaded after import = 1
========================================================================
Received Import Request.
  Time since last request: 0.000032 seconds.
  path: Assets/Plugins/TextMesh Pro/Shaders/TMP_SDF Overlay.shader
  artifactKey: Guid(dd89cf5b9246416f84610a006f916af7) Importer(2089858483,0ecaa5967403d082aa24f35e1b516d23)
Start importing Assets/Plugins/TextMesh Pro/Shaders/TMP_SDF Overlay.shader using Guid(dd89cf5b9246416f84610a006f916af7) Importer(2089858483,0ecaa5967403d082aa24f35e1b516d23)  -> (artifact id: '3b6c5e37c695e92ee949ccbb04f9a9a7') in 0.012893 seconds
Number of updated asset objects reloaded before import = 0
Number of asset objects unloaded after import = 1
========================================================================
Received Import Request.
  Time since last request: 0.000052 seconds.
  path: Assets/Plugins/TextMesh Pro/Shaders/TMP_SDF-Mobile.shader
  artifactKey: Guid(fe393ace9b354375a9cb14cdbbc28be4) Importer(2089858483,0ecaa5967403d082aa24f35e1b516d23)
Start importing Assets/Plugins/TextMesh Pro/Shaders/TMP_SDF-Mobile.shader using Guid(fe393ace9b354375a9cb14cdbbc28be4) Importer(2089858483,0ecaa5967403d082aa24f35e1b516d23)  -> (artifact id: '65df7aa07bcca85b56e393073185699d') in 0.011981 seconds
Number of updated asset objects reloaded before import = 0
Number of asset objects unloaded after import = 1
========================================================================
Received Import Request.
  Time since last request: 0.000023 seconds.
  path: Assets/Plugins/TextMesh Pro/Shaders/TMP_SDF SSD.shader
  artifactKey: Guid(14eb328de4b8eb245bb7cea29e4ac00b) Importer(2089858483,0ecaa5967403d082aa24f35e1b516d23)
Start importing Assets/Plugins/TextMesh Pro/Shaders/TMP_SDF SSD.shader using Guid(14eb328de4b8eb245bb7cea29e4ac00b) Importer(2089858483,0ecaa5967403d082aa24f35e1b516d23)  -> (artifact id: 'ef7d4e6496816b10b3ec952105cef961') in 0.013886 seconds
Number of updated asset objects reloaded before import = 0
Number of asset objects unloaded after import = 1
========================================================================
Received Import Request.
  Time since last request: 0.000021 seconds.
  path: Assets/Plugins/TextMesh Pro/Shaders/TMP_Bitmap-Mobile.shader
  artifactKey: Guid(1e3b057af24249748ff873be7fafee47) Importer(2089858483,0ecaa5967403d082aa24f35e1b516d23)
Start importing Assets/Plugins/TextMesh Pro/Shaders/TMP_Bitmap-Mobile.shader using Guid(1e3b057af24249748ff873be7fafee47) Importer(2089858483,0ecaa5967403d082aa24f35e1b516d23)  -> (artifact id: '2e15d607a1e3695f4122fbb7344e17c0') in 0.012090 seconds
Number of updated asset objects reloaded before import = 0
Number of asset objects unloaded after import = 1
========================================================================
Received Import Request.
  Time since last request: 0.000022 seconds.
  path: Assets/Plugins/TextMesh Pro/Shaders/TMP_SDF-Surface.shader
  artifactKey: Guid(f7ada0af4f174f0694ca6a487b8f543d) Importer(2089858483,0ecaa5967403d082aa24f35e1b516d23)
Start importing Assets/Plugins/TextMesh Pro/Shaders/TMP_SDF-Surface.shader using Guid(f7ada0af4f174f0694ca6a487b8f543d) Importer(2089858483,0ecaa5967403d082aa24f35e1b516d23)  -> (artifact id: 'cb65325f04f3c0387157c82c7353eb38') in 0.013745 seconds
Number of updated asset objects reloaded before import = 0
Number of asset objects unloaded after import = 1
========================================================================
Received Import Request.
  Time since last request: 0.000023 seconds.
  path: Assets/Plugins/ExternalDependencyManager/Editor/LICENSE
  artifactKey: Guid(ca5ff2d8150c4d2088af1a803844e5b2) Importer(2089858483,0ecaa5967403d082aa24f35e1b516d23)
Start importing Assets/Plugins/ExternalDependencyManager/Editor/LICENSE using Guid(ca5ff2d8150c4d2088af1a803844e5b2) Importer(2089858483,0ecaa5967403d082aa24f35e1b516d23)  -> (artifact id: '3041fdeb69773179cf01095f53b0b0d6') in 0.010407 seconds
Number of updated asset objects reloaded before import = 0
Number of asset objects unloaded after import = 1
========================================================================
Received Import Request.
  Time since last request: 0.000030 seconds.
  path: Assets/Plugins/SimpleFolderIcon/Editor/SimpleFolderIcon.asmdef
  artifactKey: Guid(877be62fd20bbdb489dd86ee21cee87d) Importer(2089858483,0ecaa5967403d082aa24f35e1b516d23)
Start importing Assets/Plugins/SimpleFolderIcon/Editor/SimpleFolderIcon.asmdef using Guid(877be62fd20bbdb489dd86ee21cee87d) Importer(2089858483,0ecaa5967403d082aa24f35e1b516d23)  -> (artifact id: '69b14abe4f865355f1c74a203b8ede63') in 0.016787 seconds
Number of updated asset objects reloaded before import = 0
Number of asset objects unloaded after import = 1
========================================================================
Received Import Request.
  Time since last request: 0.000035 seconds.
  path: Assets/Audio/CasualGameSounds/DM-CGS-46.wav
  artifactKey: Guid(fe0b1f9aeb45b41b089175aeeabd5d95) Importer(2089858483,0ecaa5967403d082aa24f35e1b516d23)
Start importing Assets/Audio/CasualGameSounds/DM-CGS-46.wav using Guid(fe0b1f9aeb45b41b089175aeeabd5d95) Importer(2089858483,0ecaa5967403d082aa24f35e1b516d23)  -> (artifact id: 'd2f94a549a941786456b66e6439f0072') in 0.087544 seconds
Number of updated asset objects reloaded before import = 0
Number of asset objects unloaded after import = 1
========================================================================
Received Import Request.
  Time since last request: 0.000023 seconds.
  path: Assets/Plugins/TextMesh Pro/Shaders/TMP_SDF.shader
  artifactKey: Guid(68e6db2ebdc24f95958faec2be5558d6) Importer(2089858483,0ecaa5967403d082aa24f35e1b516d23)
Start importing Assets/Plugins/TextMesh Pro/Shaders/TMP_SDF.shader using Guid(68e6db2ebdc24f95958faec2be5558d6) Importer(2089858483,0ecaa5967403d082aa24f35e1b516d23)  -> (artifact id: '81d5b0a76bd316bd00762b961db8648d') in 0.036992 seconds
Number of updated asset objects reloaded before import = 0
Number of asset objects unloaded after import = 1
========================================================================
Received Import Request.
  Time since last request: 0.000092 seconds.
  path: Assets/Prefabs/Extensions/PopUp.prefab
  artifactKey: Guid(fe025e983fe1d7f4fae4c360df9c3067) Importer(2089858483,0ecaa5967403d082aa24f35e1b516d23)
Start importing Assets/Prefabs/Extensions/PopUp.prefab using Guid(fe025e983fe1d7f4fae4c360df9c3067) Importer(2089858483,0ecaa5967403d082aa24f35e1b516d23)  -> (artifact id: '14c997caab7a03e95d51e4a9f94aabbe') in 0.081698 seconds
Number of updated asset objects reloaded before import = 0
Number of asset objects unloaded after import = 101
========================================================================
Received Import Request.
  Time since last request: 0.000020 seconds.
  path: Assets/Scripts/xBySCENES/Shop/ShopScript.cs
  artifactKey: Guid(e9e7d747eb0919342a971509b55d9ebd) Importer(2089858483,0ecaa5967403d082aa24f35e1b516d23)
Start importing Assets/Scripts/xBySCENES/Shop/ShopScript.cs using Guid(e9e7d747eb0919342a971509b55d9ebd) Importer(2089858483,0ecaa5967403d082aa24f35e1b516d23)  -> (artifact id: '7d81050d72f03333a4fe7ea9e1275c32') in 0.017494 seconds
Number of updated asset objects reloaded before import = 0
Number of asset objects unloaded after import = 1
========================================================================
Received Import Request.
  Time since last request: 0.000049 seconds.
  path: Assets/Scripts/xBySCENES/Settings/SettingsScript.cs
  artifactKey: Guid(f8193feefd890644891035d9d8a605e7) Importer(2089858483,0ecaa5967403d082aa24f35e1b516d23)
Start importing Assets/Scripts/xBySCENES/Settings/SettingsScript.cs using Guid(f8193feefd890644891035d9d8a605e7) Importer(2089858483,0ecaa5967403d082aa24f35e1b516d23)  -> (artifact id: 'd5255c79573944c472bcc97b357a2740') in 0.018806 seconds
Number of updated asset objects reloaded before import = 0
Number of asset objects unloaded after import = 1
========================================================================
Received Import Request.
  Time since last request: 0.000018 seconds.
  path: Assets/Textures/AppTextures/Eggs/white.png
  artifactKey: Guid(ffde38c447aa20d44b0a4ee5753829aa) Importer(2089858483,0ecaa5967403d082aa24f35e1b516d23)
Start importing Assets/Textures/AppTextures/Eggs/white.png using Guid(ffde38c447aa20d44b0a4ee5753829aa) Importer(2089858483,0ecaa5967403d082aa24f35e1b516d23)  -> (artifact id: '995fa98dccddd708d41cc8b67413341a') in 0.028213 seconds
Number of updated asset objects reloaded before import = 0
Number of asset objects unloaded after import = 3
========================================================================
Received Import Request.
  Time since last request: 0.000020 seconds.
  path: Assets/Scripts/xBySCENES/Store/Store.cs
  artifactKey: Guid(9dcd5307c16ade44ab0348cc826e1f0a) Importer(2089858483,0ecaa5967403d082aa24f35e1b516d23)
Start importing Assets/Scripts/xBySCENES/Store/Store.cs using Guid(9dcd5307c16ade44ab0348cc826e1f0a) Importer(2089858483,0ecaa5967403d082aa24f35e1b516d23)  -> (artifact id: '2290f33c262c2e8d31e53d11a8093605') in 0.011831 seconds
Number of updated asset objects reloaded before import = 0
Number of asset objects unloaded after import = 1
========================================================================
Received Import Request.
  Time since last request: 0.000018 seconds.
  path: Assets/Audio/CasualGameSounds/DM-CGS-05.wav
  artifactKey: Guid(b99da9a57308d4ba1bee1cf1d9038376) Importer(2089858483,0ecaa5967403d082aa24f35e1b516d23)
Start importing Assets/Audio/CasualGameSounds/DM-CGS-05.wav using Guid(b99da9a57308d4ba1bee1cf1d9038376) Importer(2089858483,0ecaa5967403d082aa24f35e1b516d23)  -> (artifact id: '62ce3633e095bd4109ce9333b997cda4') in 0.072243 seconds
Number of updated asset objects reloaded before import = 0
Number of asset objects unloaded after import = 1
========================================================================
Received Import Request.
  Time since last request: 0.000022 seconds.
  path: Assets/Scripts/Skin/GameSkin.cs
  artifactKey: Guid(d43d11710bcdb994bb9768630f88d9da) Importer(2089858483,0ecaa5967403d082aa24f35e1b516d23)
Start importing Assets/Scripts/Skin/GameSkin.cs using Guid(d43d11710bcdb994bb9768630f88d9da) Importer(2089858483,0ecaa5967403d082aa24f35e1b516d23)  -> (artifact id: 'f709bbe59f2e568a20fccd563a66d8ee') in 0.012571 seconds
Number of updated asset objects reloaded before import = 0
Number of asset objects unloaded after import = 1
========================================================================
Received Import Request.
  Time since last request: 0.000031 seconds.
  path: Assets/Audio/CasualGameSounds/DM-CGS-48.wav
  artifactKey: Guid(7e26c9daf4c32483b9c2790e662d3f1b) Importer(2089858483,0ecaa5967403d082aa24f35e1b516d23)
Start importing Assets/Audio/CasualGameSounds/DM-CGS-48.wav using Guid(7e26c9daf4c32483b9c2790e662d3f1b) Importer(2089858483,0ecaa5967403d082aa24f35e1b516d23)  -> (artifact id: '90f8c8c0ea4dfe661ebadd34e0ef91fb') in 0.079325 seconds
Number of updated asset objects reloaded before import = 0
Number of asset objects unloaded after import = 1
========================================================================
Received Import Request.
  Time since last request: 0.000021 seconds.
  path: Assets/Plugins/ExternalDependencyManager/Editor/1.2.175/Google.PackageManagerResolver.dll.mdb
  artifactKey: Guid(05f38fc976de49d0a8bac11b0591b35c) Importer(2089858483,0ecaa5967403d082aa24f35e1b516d23)
Start importing Assets/Plugins/ExternalDependencyManager/Editor/1.2.175/Google.PackageManagerResolver.dll.mdb using Guid(05f38fc976de49d0a8bac11b0591b35c) Importer(2089858483,0ecaa5967403d082aa24f35e1b516d23)  -> (artifact id: '8b8dc2c92abaa5ee6110d9e208e85f7a') in 0.018083 seconds
Number of updated asset objects reloaded before import = 0
Number of asset objects unloaded after import = 1
========================================================================
Received Import Request.
  Time since last request: 0.000037 seconds.
  path: Assets/Plugins/TextMesh Pro/Shaders/TMPro_Mobile.cginc
  artifactKey: Guid(c334973cef89a9840b0b0c507e0377ab) Importer(2089858483,0ecaa5967403d082aa24f35e1b516d23)
Start importing Assets/Plugins/TextMesh Pro/Shaders/TMPro_Mobile.cginc using Guid(c334973cef89a9840b0b0c507e0377ab) Importer(2089858483,0ecaa5967403d082aa24f35e1b516d23)  -> (artifact id: 'c38960e35a02a77970d4b2d9d46cab05') in 0.025718 seconds
Number of updated asset objects reloaded before import = 0
Number of asset objects unloaded after import = 1
========================================================================
Received Import Request.
  Time since last request: 0.000033 seconds.
  path: Assets/Plugins/TextMesh Pro/Sprites/EmojiOne.json
  artifactKey: Guid(8f05276190cf498a8153f6cbe761d4e6) Importer(2089858483,0ecaa5967403d082aa24f35e1b516d23)
Start importing Assets/Plugins/TextMesh Pro/Sprites/EmojiOne.json using Guid(8f05276190cf498a8153f6cbe761d4e6) Importer(2089858483,0ecaa5967403d082aa24f35e1b516d23)  -> (artifact id: 'e51291737f81c8ddf0806798a5d3a4d1') in 0.043172 seconds
Number of updated asset objects reloaded before import = 0
Number of asset objects unloaded after import = 1
========================================================================
Received Import Request.
  Time since last request: 0.000062 seconds.
  path: Assets/Plugins/TextMesh Pro/Shaders/TMPro.cginc
  artifactKey: Guid(407bc68d299748449bbf7f48ee690f8d) Importer(2089858483,0ecaa5967403d082aa24f35e1b516d23)
Start importing Assets/Plugins/TextMesh Pro/Shaders/TMPro.cginc using Guid(407bc68d299748449bbf7f48ee690f8d) Importer(2089858483,0ecaa5967403d082aa24f35e1b516d23)  -> (artifact id: 'f96b7aab953f3a4c0725d4284336cf52') in 0.031451 seconds
Number of updated asset objects reloaded before import = 0
Number of asset objects unloaded after import = 1
========================================================================
Received Import Request.
  Time since last request: 0.000023 seconds.
  path: Assets/Scripts/xBySCENES/Shop/Scroll.cs
  artifactKey: Guid(fa69f18a7cc267d478ec131dfb8a843f) Importer(2089858483,0ecaa5967403d082aa24f35e1b516d23)
Start importing Assets/Scripts/xBySCENES/Shop/Scroll.cs using Guid(fa69f18a7cc267d478ec131dfb8a843f) Importer(2089858483,0ecaa5967403d082aa24f35e1b516d23)  -> (artifact id: '5e066c59b63a98718f1b6c374e877bd8') in 0.017530 seconds
Number of updated asset objects reloaded before import = 0
Number of asset objects unloaded after import = 1
========================================================================
Received Import Request.
  Time since last request: 0.000023 seconds.
  path: Assets/Plugins/SimpleFolderIcon/Icons/Materials.png
  artifactKey: Guid(89dbba36a0719d24f9287029f9ee6587) Importer(2089858483,0ecaa5967403d082aa24f35e1b516d23)
Start importing Assets/Plugins/SimpleFolderIcon/Icons/Materials.png using Guid(89dbba36a0719d24f9287029f9ee6587) Importer(2089858483,0ecaa5967403d082aa24f35e1b516d23)  -> (artifact id: '3c3700ee39208fbeb0559ed3fcc795fd') in 0.046567 seconds
Number of updated asset objects reloaded before import = 0
Number of asset objects unloaded after import = 1
========================================================================
Received Import Request.
  Time since last request: 0.000063 seconds.
  path: Assets/Plugins/ExternalDependencyManager/Editor/1.2.175/Google.JarResolver.dll.mdb
  artifactKey: Guid(1a83ae0712954d449d6b500769245b70) Importer(2089858483,0ecaa5967403d082aa24f35e1b516d23)
Start importing Assets/Plugins/ExternalDependencyManager/Editor/1.2.175/Google.JarResolver.dll.mdb using Guid(1a83ae0712954d449d6b500769245b70) Importer(2089858483,0ecaa5967403d082aa24f35e1b516d23)  -> (artifact id: 'fcc98b97d3bf72fbe4fda30eda855354') in 0.012887 seconds
Number of updated asset objects reloaded before import = 0
Number of asset objects unloaded after import = 1
========================================================================
Received Import Request.
  Time since last request: 0.000018 seconds.
  path: Assets/Textures/Particles/teeth.mat
  artifactKey: Guid(023637fb87058b54fb7b2806d7ac9509) Importer(2089858483,0ecaa5967403d082aa24f35e1b516d23)
Start importing Assets/Textures/Particles/teeth.mat using Guid(023637fb87058b54fb7b2806d7ac9509) Importer(2089858483,0ecaa5967403d082aa24f35e1b516d23)  -> (artifact id: '4d03df0f73c0859f58f1eeeca74411b3') in 0.084138 seconds
Number of updated asset objects reloaded before import = 0
Number of asset objects unloaded after import = 2
========================================================================
Received Import Request.
  Time since last request: 0.001039 seconds.
  path: Assets/Plugins/TextMesh Pro/Examples & Extras/Fonts/Anton OFL.txt
  artifactKey: Guid(73a79399807f4e8388c2cbb5494681ca) Importer(2089858483,0ecaa5967403d082aa24f35e1b516d23)
Start importing Assets/Plugins/TextMesh Pro/Examples & Extras/Fonts/Anton OFL.txt using Guid(73a79399807f4e8388c2cbb5494681ca) Importer(2089858483,0ecaa5967403d082aa24f35e1b516d23)  -> (artifact id: '156680a6bc923ac2bc16262fc5f51640') in 0.015900 seconds
Number of updated asset objects reloaded before import = 0
Number of asset objects unloaded after import = 1
========================================================================
Received Import Request.
  Time since last request: 0.000029 seconds.
  path: Assets/Plugins/TextMesh Pro/Examples & Extras/Fonts/Oswald-Bold.ttf
  artifactKey: Guid(c9f6d0e7bc8541498c9a4799ba184ede) Importer(2089858483,0ecaa5967403d082aa24f35e1b516d23)
Start importing Assets/Plugins/TextMesh Pro/Examples & Extras/Fonts/Oswald-Bold.ttf using Guid(c9f6d0e7bc8541498c9a4799ba184ede) Importer(2089858483,0ecaa5967403d082aa24f35e1b516d23)  -> (artifact id: 'ffa666d82b8e5bcab03b12712aecafab') in 0.017612 seconds
Number of updated asset objects reloaded before import = 0
Number of asset objects unloaded after import = 3
========================================================================
Received Import Request.
  Time since last request: 0.000015 seconds.
  path: Assets/Plugins/TextMesh Pro/Examples & Extras/Materials/Ground - Surface Shader Scene.mat
  artifactKey: Guid(aadd5a709a48466c887296bb5b1b8110) Importer(2089858483,0ecaa5967403d082aa24f35e1b516d23)
Start importing Assets/Plugins/TextMesh Pro/Examples & Extras/Materials/Ground - Surface Shader Scene.mat using Guid(aadd5a709a48466c887296bb5b1b8110) Importer(2089858483,0ecaa5967403d082aa24f35e1b516d23)  -> (artifact id: '5d25bce2070c018bd9b2e6e9a1f2896f') in 0.058590 seconds
Number of updated asset objects reloaded before import = 0
Number of asset objects unloaded after import = 2
========================================================================
Received Import Request.
  Time since last request: 0.000019 seconds.
  path: Assets/Plugins/ExternalDependencyManager/Editor/1.2.175/Google.VersionHandlerImpl.dll
  artifactKey: Guid(9e005ad5be4449918b55dae042a3b4b0) Importer(2089858483,0ecaa5967403d082aa24f35e1b516d23)
Start importing Assets/Plugins/ExternalDependencyManager/Editor/1.2.175/Google.VersionHandlerImpl.dll using Guid(9e005ad5be4449918b55dae042a3b4b0) Importer(2089858483,0ecaa5967403d082aa24f35e1b516d23)  -> (artifact id: 'b6d9eaf736cd0cf0ac1b8fa95b422116') in 0.026548 seconds
Number of updated asset objects reloaded before import = 0
Number of asset objects unloaded after import = 1
========================================================================
Received Import Request.
  Time since last request: 0.000019 seconds.
  path: Assets/Plugins/TextMesh Pro/Examples & Extras/Scenes/07 - Superscript & Subscript Example.unity
  artifactKey: Guid(03ec435d4b7140e9b2d87f79136d8374) Importer(2089858483,0ecaa5967403d082aa24f35e1b516d23)
Start importing Assets/Plugins/TextMesh Pro/Examples & Extras/Scenes/07 - Superscript & Subscript Example.unity using Guid(03ec435d4b7140e9b2d87f79136d8374) Importer(2089858483,0ecaa5967403d082aa24f35e1b516d23)  -> (artifact id: 'c627fbca34772daa160ddb651d80eda1') in 0.012076 seconds
Number of updated asset objects reloaded before import = 0
Number of asset objects unloaded after import = 1
========================================================================
Received Import Request.
  Time since last request: 0.000032 seconds.
  path: Assets/Plugins/ExternalDependencyManager/Editor/1.2.175/Google.VersionHandlerImpl.dll.mdb
  artifactKey: Guid(87e3f1c0087b4dcb96128c54eeba905c) Importer(2089858483,0ecaa5967403d082aa24f35e1b516d23)
Start importing Assets/Plugins/ExternalDependencyManager/Editor/1.2.175/Google.VersionHandlerImpl.dll.mdb using Guid(87e3f1c0087b4dcb96128c54eeba905c) Importer(2089858483,0ecaa5967403d082aa24f35e1b516d23)  -> (artifact id: '27987fffb4611b4e9b601360aacde436') in 0.010355 seconds
Number of updated asset objects reloaded before import = 0
Number of asset objects unloaded after import = 1
========================================================================
Received Import Request.
  Time since last request: 0.000068 seconds.
  path: Assets/Plugins/TextMesh Pro/Examples & Extras/Fonts/Anton.ttf
  artifactKey: Guid(997a43b767814dd0a7642ec9b78cba41) Importer(2089858483,0ecaa5967403d082aa24f35e1b516d23)
Start importing Assets/Plugins/TextMesh Pro/Examples & Extras/Fonts/Anton.ttf using Guid(997a43b767814dd0a7642ec9b78cba41) Importer(2089858483,0ecaa5967403d082aa24f35e1b516d23)  -> (artifact id: '0d376b01634a4ff5dad4392b2603c52a') in 0.022116 seconds
Number of updated asset objects reloaded before import = 0
Number of asset objects unloaded after import = 3
========================================================================
Received Import Request.
  Time since last request: 0.000021 seconds.
  path: Assets/Plugins/TextMesh Pro/Examples & Extras/Fonts/Roboto-Bold.ttf
  artifactKey: Guid(4beb055f07aaff244873dec698d0363e) Importer(2089858483,0ecaa5967403d082aa24f35e1b516d23)
Start importing Assets/Plugins/TextMesh Pro/Examples & Extras/Fonts/Roboto-Bold.ttf using Guid(4beb055f07aaff244873dec698d0363e) Importer(2089858483,0ecaa5967403d082aa24f35e1b516d23)  -> (artifact id: 'fd98eadfbb6662a1f60f75ad8ef7142a') in 0.030888 seconds
Number of updated asset objects reloaded before import = 0
Number of asset objects unloaded after import = 3
========================================================================
Received Import Request.
  Time since last request: 0.000034 seconds.
  path: Assets/Plugins/TextMesh Pro/Examples & Extras/Scenes/04 - Word Wrapping.unity
  artifactKey: Guid(8f7137eacd7042d5b17ef0efe5e744f5) Importer(2089858483,0ecaa5967403d082aa24f35e1b516d23)
Start importing Assets/Plugins/TextMesh Pro/Examples & Extras/Scenes/04 - Word Wrapping.unity using Guid(8f7137eacd7042d5b17ef0efe5e744f5) Importer(2089858483,0ecaa5967403d082aa24f35e1b516d23)  -> (artifact id: 'e114612751ca9d4ac23ff2a592aa6d7c') in 0.019515 seconds
Number of updated asset objects reloaded before import = 0
Number of asset objects unloaded after import = 1
========================================================================
Received Import Request.
  Time since last request: 0.000057 seconds.
  path: Assets/Plugins/TextMesh Pro/Examples & Extras/Materials/Ground - Logo Scene.mat
  artifactKey: Guid(c719e38f25a9480abd2480ab621a2949) Importer(2089858483,0ecaa5967403d082aa24f35e1b516d23)
Start importing Assets/Plugins/TextMesh Pro/Examples & Extras/Materials/Ground - Logo Scene.mat using Guid(c719e38f25a9480abd2480ab621a2949) Importer(2089858483,0ecaa5967403d082aa24f35e1b516d23)  -> (artifact id: '4db55b1431d018902cefd303d5a7ccb9') in 0.034028 seconds
Number of updated asset objects reloaded before import = 0
Number of asset objects unloaded after import = 2
========================================================================
Received Import Request.
  Time since last request: 0.000029 seconds.
  path: Assets/Plugins/TextMesh Pro/Examples & Extras/Scenes/06 - Extra Rich Text Examples.unity
  artifactKey: Guid(39a1fa96ad2a449b908fca29d4297a74) Importer(2089858483,0ecaa5967403d082aa24f35e1b516d23)
Start importing Assets/Plugins/TextMesh Pro/Examples & Extras/Scenes/06 - Extra Rich Text Examples.unity using Guid(39a1fa96ad2a449b908fca29d4297a74) Importer(2089858483,0ecaa5967403d082aa24f35e1b516d23)  -> (artifact id: '32d3ccc01388b7ddcf6caa5ce3a6621d') in 0.017783 seconds
Number of updated asset objects reloaded before import = 0
Number of asset objects unloaded after import = 1
========================================================================
Received Import Request.
  Time since last request: 0.000045 seconds.
  path: Assets/Plugins/TextMesh Pro/Examples & Extras/Materials/Crate - Surface Shader Scene.mat
  artifactKey: Guid(e6b9b44320f4448d9d5e0ee634259966) Importer(2089858483,0ecaa5967403d082aa24f35e1b516d23)
Start importing Assets/Plugins/TextMesh Pro/Examples & Extras/Materials/Crate - Surface Shader Scene.mat using Guid(e6b9b44320f4448d9d5e0ee634259966) Importer(2089858483,0ecaa5967403d082aa24f35e1b516d23)  -> (artifact id: 'df843f50af584a5cc259e656efcbd383') in 0.049522 seconds
Number of updated asset objects reloaded before import = 0
Number of asset objects unloaded after import = 3
========================================================================
Received Import Request.
  Time since last request: 0.000018 seconds.
  path: Assets/Plugins/TextMesh Pro/Examples & Extras/Prefabs/TextMeshPro - Prefab 2.prefab
  artifactKey: Guid(fdad9d952ae84cafb74c63f2e694d042) Importer(2089858483,0ecaa5967403d082aa24f35e1b516d23)
Start importing Assets/Plugins/TextMesh Pro/Examples & Extras/Prefabs/TextMeshPro - Prefab 2.prefab using Guid(fdad9d952ae84cafb74c63f2e694d042) Importer(2089858483,0ecaa5967403d082aa24f35e1b516d23)  -> (artifact id: '36108236dd71e9da86e7755a7650d800') in 0.096133 seconds
Number of updated asset objects reloaded before import = 0
Number of asset objects unloaded after import = 16
========================================================================
Received Import Request.
  Time since last request: 0.000021 seconds.
  path: Assets/Audio/CasualGameSounds/DM-CGS-49.wav
  artifactKey: Guid(7bef0064f8567430cac22499c6b93d4f) Importer(2089858483,0ecaa5967403d082aa24f35e1b516d23)
Start importing Assets/Audio/CasualGameSounds/DM-CGS-49.wav using Guid(7bef0064f8567430cac22499c6b93d4f) Importer(2089858483,0ecaa5967403d082aa24f35e1b516d23)  -> (artifact id: '78b1bc5c763e8cd860499a538ca17b03') in 0.100903 seconds
Number of updated asset objects reloaded before import = 0
Number of asset objects unloaded after import = 1
========================================================================
Received Import Request.
  Time since last request: 0.000044 seconds.
  path: Assets/Plugins/TextMesh Pro/Examples & Extras/Scenes/14 - Multi Font & Sprites.unity
  artifactKey: Guid(22a2fba786ad4c40ac0ba09f0b933100) Importer(2089858483,0ecaa5967403d082aa24f35e1b516d23)
Start importing Assets/Plugins/TextMesh Pro/Examples & Extras/Scenes/14 - Multi Font & Sprites.unity using Guid(22a2fba786ad4c40ac0ba09f0b933100) Importer(2089858483,0ecaa5967403d082aa24f35e1b516d23)  -> (artifact id: '2c7bac4905ec3cac3c778602894109e2') in 0.017276 seconds
Number of updated asset objects reloaded before import = 0
Number of asset objects unloaded after import = 1
========================================================================
Received Import Request.
  Time since last request: 0.000051 seconds.
  path: Assets/Plugins/TextMesh Pro/Examples & Extras/Scenes/09 - Margin Tag Example.unity
  artifactKey: Guid(349f38d3606449708c7340d26740e1e2) Importer(2089858483,0ecaa5967403d082aa24f35e1b516d23)
Start importing Assets/Plugins/TextMesh Pro/Examples & Extras/Scenes/09 - Margin Tag Example.unity using Guid(349f38d3606449708c7340d26740e1e2) Importer(2089858483,0ecaa5967403d082aa24f35e1b516d23)  -> (artifact id: '118f6ea9f0b8bb5b5ec39053d6b94334') in 0.011552 seconds
Number of updated asset objects reloaded before import = 0
Number of asset objects unloaded after import = 1
========================================================================
Received Import Request.
  Time since last request: 0.000038 seconds.
  path: Assets/Plugins/TextMesh Pro/Examples & Extras/Scenes/26 - Dropdown Placeholder Example.unity
  artifactKey: Guid(0851605490a599b46b6ac5cb681d93ea) Importer(2089858483,0ecaa5967403d082aa24f35e1b516d23)
Start importing Assets/Plugins/TextMesh Pro/Examples & Extras/Scenes/26 - Dropdown Placeholder Example.unity using Guid(0851605490a599b46b6ac5cb681d93ea) Importer(2089858483,0ecaa5967403d082aa24f35e1b516d23)  -> (artifact id: 'e32f59b315765f097faacef3bd8cc828') in 0.009533 seconds
Number of updated asset objects reloaded before import = 0
Number of asset objects unloaded after import = 1
========================================================================
Received Import Request.
  Time since last request: 0.000019 seconds.
  path: Assets/Plugins/TextMesh Pro/Examples & Extras/Scenes/Benchmark (Floating Text).unity
  artifactKey: Guid(16177da2e3254cee91944756d5f8ddd3) Importer(2089858483,0ecaa5967403d082aa24f35e1b516d23)
Start importing Assets/Plugins/TextMesh Pro/Examples & Extras/Scenes/Benchmark (Floating Text).unity using Guid(16177da2e3254cee91944756d5f8ddd3) Importer(2089858483,0ecaa5967403d082aa24f35e1b516d23)  -> (artifact id: '3a36faf25a5f99cd0ce79cb27ca6a6a5') in 0.011953 seconds
Number of updated asset objects reloaded before import = 0
Number of asset objects unloaded after import = 1
========================================================================
Received Import Request.
  Time since last request: 0.000037 seconds.
  path: Assets/Plugins/TextMesh Pro/Examples & Extras/Scripts/Benchmark01_UGUI.cs
  artifactKey: Guid(8ef7be1c625941f7ba8ed7cc71718c0d) Importer(2089858483,0ecaa5967403d082aa24f35e1b516d23)
Start importing Assets/Plugins/TextMesh Pro/Examples & Extras/Scripts/Benchmark01_UGUI.cs using Guid(8ef7be1c625941f7ba8ed7cc71718c0d) Importer(2089858483,0ecaa5967403d082aa24f35e1b516d23)  -> (artifact id: 'f8d9b3e4b1d5b79d755942a56f6d1f16') in 0.013045 seconds
Number of updated asset objects reloaded before import = 0
Number of asset objects unloaded after import = 1
========================================================================
Received Import Request.
  Time since last request: 0.000025 seconds.
  path: Assets/Plugins/TextMesh Pro/Examples & Extras/Scenes/13 - Soft Hyphenation.unity
  artifactKey: Guid(875684baf40f4d008ce806d03e2a81b2) Importer(2089858483,0ecaa5967403d082aa24f35e1b516d23)
Start importing Assets/Plugins/TextMesh Pro/Examples & Extras/Scenes/13 - Soft Hyphenation.unity using Guid(875684baf40f4d008ce806d03e2a81b2) Importer(2089858483,0ecaa5967403d082aa24f35e1b516d23)  -> (artifact id: '95729588034364d5fb6594a94ba418fa') in 0.009449 seconds
Number of updated asset objects reloaded before import = 0
Number of asset objects unloaded after import = 1
========================================================================
Received Import Request.
  Time since last request: 0.000019 seconds.
  path: Assets/Plugins/TextMesh Pro/Examples & Extras/Scenes/22 - Basic Scripting Example.unity
  artifactKey: Guid(6250f98e58fe4abbaada5d84b7ca846d) Importer(2089858483,0ecaa5967403d082aa24f35e1b516d23)
Start importing Assets/Plugins/TextMesh Pro/Examples & Extras/Scenes/22 - Basic Scripting Example.unity using Guid(6250f98e58fe4abbaada5d84b7ca846d) Importer(2089858483,0ecaa5967403d082aa24f35e1b516d23)  -> (artifact id: 'b587bbd4859abcda1f61dae941eae8a6') in 0.009237 seconds
Number of updated asset objects reloaded before import = 0
Number of asset objects unloaded after import = 1
========================================================================
Received Import Request.
  Time since last request: 0.000071 seconds.
  path: Assets/Plugins/TextMesh Pro/Examples & Extras/Scripts/Benchmark01.cs
  artifactKey: Guid(f970ea55f9f84bf79b05dab180b8c125) Importer(2089858483,0ecaa5967403d082aa24f35e1b516d23)
Start importing Assets/Plugins/TextMesh Pro/Examples & Extras/Scripts/Benchmark01.cs using Guid(f970ea55f9f84bf79b05dab180b8c125) Importer(2089858483,0ecaa5967403d082aa24f35e1b516d23)  -> (artifact id: '4886a5f474b60f400d5e0a8db60c34fe') in 0.013598 seconds
Number of updated asset objects reloaded before import = 0
Number of asset objects unloaded after import = 1
========================================================================
Received Import Request.
  Time since last request: 0.000036 seconds.
  path: Assets/Plugins/TextMesh Pro/Examples & Extras/Scripts/Benchmark02.cs
  artifactKey: Guid(e8538afcddc14efbb5d9e94b7ae50197) Importer(2089858483,0ecaa5967403d082aa24f35e1b516d23)
Start importing Assets/Plugins/TextMesh Pro/Examples & Extras/Scripts/Benchmark02.cs using Guid(e8538afcddc14efbb5d9e94b7ae50197) Importer(2089858483,0ecaa5967403d082aa24f35e1b516d23)  -> (artifact id: 'd72983cf9b14d49f8b4206d3b880d879') in 0.012296 seconds
Number of updated asset objects reloaded before import = 0
Number of asset objects unloaded after import = 1
========================================================================
Received Import Request.
  Time since last request: 0.000023 seconds.
  path: Assets/Plugins/TextMesh Pro/Examples & Extras/Scenes/08 - Improved Text Alignment.unity
  artifactKey: Guid(5fe2257128d9401fad0790f581dc8a6f) Importer(2089858483,0ecaa5967403d082aa24f35e1b516d23)
Start importing Assets/Plugins/TextMesh Pro/Examples & Extras/Scenes/08 - Improved Text Alignment.unity using Guid(5fe2257128d9401fad0790f581dc8a6f) Importer(2089858483,0ecaa5967403d082aa24f35e1b516d23)  -> (artifact id: 'fc1508186b2d299bce6ca7bfc9e22e58') in 0.011036 seconds
Number of updated asset objects reloaded before import = 0
Number of asset objects unloaded after import = 1
========================================================================
Received Import Request.
  Time since last request: 0.000106 seconds.
  path: Assets/Plugins/TextMesh Pro/Examples & Extras/Scenes/23 - Animating Vertex Attributes.unity
  artifactKey: Guid(54e994244b4b467e8583cf2da6dcc716) Importer(2089858483,0ecaa5967403d082aa24f35e1b516d23)
Start importing Assets/Plugins/TextMesh Pro/Examples & Extras/Scenes/23 - Animating Vertex Attributes.unity using Guid(54e994244b4b467e8583cf2da6dcc716) Importer(2089858483,0ecaa5967403d082aa24f35e1b516d23)  -> (artifact id: '718338fbee2792128eac56d665a7962e') in 0.009109 seconds
Number of updated asset objects reloaded before import = 0
Number of asset objects unloaded after import = 1
========================================================================
Received Import Request.
  Time since last request: 0.000019 seconds.
  path: Assets/Plugins/TextMesh Pro/Examples & Extras/Scenes/24 - Surface Shader Example.unity
  artifactKey: Guid(8c4969fd8ba94a68b07cf11f3e7a5137) Importer(2089858483,0ecaa5967403d082aa24f35e1b516d23)
Start importing Assets/Plugins/TextMesh Pro/Examples & Extras/Scenes/24 - Surface Shader Example.unity using Guid(8c4969fd8ba94a68b07cf11f3e7a5137) Importer(2089858483,0ecaa5967403d082aa24f35e1b516d23)  -> (artifact id: '402114890ebda1c4f91d94c2a164856d') in 0.010729 seconds
Number of updated asset objects reloaded before import = 0
Number of asset objects unloaded after import = 1
========================================================================
Received Import Request.
  Time since last request: 0.000022 seconds.
  path: Assets/Plugins/TextMesh Pro/Examples & Extras/Scenes/11 - The Style Tag.unity
  artifactKey: Guid(84ed36ad77dd4956b2ffe3769f759879) Importer(2089858483,0ecaa5967403d082aa24f35e1b516d23)
Start importing Assets/Plugins/TextMesh Pro/Examples & Extras/Scenes/11 - The Style Tag.unity using Guid(84ed36ad77dd4956b2ffe3769f759879) Importer(2089858483,0ecaa5967403d082aa24f35e1b516d23)  -> (artifact id: 'fd1746485d0c9acec044903bd9dab7a5') in 0.011415 seconds
Number of updated asset objects reloaded before import = 0
Number of asset objects unloaded after import = 1
========================================================================
Received Import Request.
  Time since last request: 0.000070 seconds.
  path: Assets/Plugins/TextMesh Pro/Examples & Extras/Scripts/Benchmark03.cs
  artifactKey: Guid(a73109742c8d47ac822895a473300c29) Importer(2089858483,0ecaa5967403d082aa24f35e1b516d23)
Start importing Assets/Plugins/TextMesh Pro/Examples & Extras/Scripts/Benchmark03.cs using Guid(a73109742c8d47ac822895a473300c29) Importer(2089858483,0ecaa5967403d082aa24f35e1b516d23)  -> (artifact id: '1c5a6b88f2ee2b16f34264821144612b') in 0.013818 seconds
Number of updated asset objects reloaded before import = 0
Number of asset objects unloaded after import = 1
========================================================================
Received Import Request.
  Time since last request: 0.000048 seconds.
  path: Assets/Plugins/TextMesh Pro/Examples & Extras/Scenes/19 - Masking Texture & Soft Mask.unity
  artifactKey: Guid(9abcd5bd764646568a6ea70d00f9264c) Importer(2089858483,0ecaa5967403d082aa24f35e1b516d23)
Start importing Assets/Plugins/TextMesh Pro/Examples & Extras/Scenes/19 - Masking Texture & Soft Mask.unity using Guid(9abcd5bd764646568a6ea70d00f9264c) Importer(2089858483,0ecaa5967403d082aa24f35e1b516d23)  -> (artifact id: '0a2ded5fc9c82aab88071db5f6b27a0f') in 0.010059 seconds
Number of updated asset objects reloaded before import = 0
Number of asset objects unloaded after import = 1
========================================================================
Received Import Request.
  Time since last request: 0.000020 seconds.
  path: Assets/Plugins/TextMesh Pro/Examples & Extras/Scenes/16 - Linked text overflow mode example.unity
  artifactKey: Guid(9442cda25baa4a0bb544c4d095b00caa) Importer(2089858483,0ecaa5967403d082aa24f35e1b516d23)
Start importing Assets/Plugins/TextMesh Pro/Examples & Extras/Scenes/16 - Linked text overflow mode example.unity using Guid(9442cda25baa4a0bb544c4d095b00caa) Importer(2089858483,0ecaa5967403d082aa24f35e1b516d23)  -> (artifact id: '9a99eab51cf81db201e6118848dfb146') in 0.009878 seconds
Number of updated asset objects reloaded before import = 0
Number of asset objects unloaded after import = 1
========================================================================
Received Import Request.
  Time since last request: 0.000055 seconds.
  path: Assets/Plugins/TextMesh Pro/Examples & Extras/Scenes/12a - Text Interactions.unity
  artifactKey: Guid(08572ab7713642c8a60789750f0bce5c) Importer(2089858483,0ecaa5967403d082aa24f35e1b516d23)
Start importing Assets/Plugins/TextMesh Pro/Examples & Extras/Scenes/12a - Text Interactions.unity using Guid(08572ab7713642c8a60789750f0bce5c) Importer(2089858483,0ecaa5967403d082aa24f35e1b516d23)  -> (artifact id: '720f9b548a07e18ee0ca566159cb6716') in 0.011480 seconds
Number of updated asset objects reloaded before import = 0
Number of asset objects unloaded after import = 1
========================================================================
Received Import Request.
  Time since last request: 0.000022 seconds.
  path: Assets/Plugins/TextMesh Pro/Examples & Extras/Scripts/Benchmark04.cs
  artifactKey: Guid(dc20866c0d5e413ab7559440e15333ae) Importer(2089858483,0ecaa5967403d082aa24f35e1b516d23)
Start importing Assets/Plugins/TextMesh Pro/Examples & Extras/Scripts/Benchmark04.cs using Guid(dc20866c0d5e413ab7559440e15333ae) Importer(2089858483,0ecaa5967403d082aa24f35e1b516d23)  -> (artifact id: '0cd43d467f09e1cf9241beae9487a587') in 0.010943 seconds
Number of updated asset objects reloaded before import = 0
Number of asset objects unloaded after import = 1
========================================================================
Received Import Request.
  Time since last request: 0.000030 seconds.
  path: Assets/Plugins/TextMesh Pro/Examples & Extras/Scenes/12 - Link Example.unity
  artifactKey: Guid(9747140c28254be2adc582210dfb89b8) Importer(2089858483,0ecaa5967403d082aa24f35e1b516d23)
Start importing Assets/Plugins/TextMesh Pro/Examples & Extras/Scenes/12 - Link Example.unity using Guid(9747140c28254be2adc582210dfb89b8) Importer(2089858483,0ecaa5967403d082aa24f35e1b516d23)  -> (artifact id: '6a016bb0f2093e599badaffe90e91bcc') in 0.009800 seconds
Number of updated asset objects reloaded before import = 0
Number of asset objects unloaded after import = 1
========================================================================
Received Import Request.
  Time since last request: 0.000039 seconds.
  path: Assets/Plugins/TextMesh Pro/Examples & Extras/Scenes/20 - Input Field with Scrollbar.unity
  artifactKey: Guid(337f92480dd24675aae9e79210fb1ad9) Importer(2089858483,0ecaa5967403d082aa24f35e1b516d23)
Start importing Assets/Plugins/TextMesh Pro/Examples & Extras/Scenes/20 - Input Field with Scrollbar.unity using Guid(337f92480dd24675aae9e79210fb1ad9) Importer(2089858483,0ecaa5967403d082aa24f35e1b516d23)  -> (artifact id: '4fdfdb635e2cf2fa2878dacb73831e7a') in 0.011011 seconds
Number of updated asset objects reloaded before import = 0
Number of asset objects unloaded after import = 1
========================================================================
Received Import Request.
  Time since last request: 0.000048 seconds.
  path: Assets/Plugins/TextMesh Pro/Examples & Extras/Scenes/15 - Inline Graphics & Sprites.unity
  artifactKey: Guid(e76e6c0f81964cbda3fe0b7d26ed8060) Importer(2089858483,0ecaa5967403d082aa24f35e1b516d23)
Start importing Assets/Plugins/TextMesh Pro/Examples & Extras/Scenes/15 - Inline Graphics & Sprites.unity using Guid(e76e6c0f81964cbda3fe0b7d26ed8060) Importer(2089858483,0ecaa5967403d082aa24f35e1b516d23)  -> (artifact id: 'b44716a82546280a7686f533b5b21434') in 0.009098 seconds
Number of updated asset objects reloaded before import = 0
Number of asset objects unloaded after import = 1
========================================================================
Received Import Request.
  Time since last request: 0.000046 seconds.
  path: Assets/Textures/AppTextures/Free Video logo copy.png
  artifactKey: Guid(b6ee2cf770540a84286f5d641ed4cb8b) Importer(2089858483,0ecaa5967403d082aa24f35e1b516d23)
Start importing Assets/Textures/AppTextures/Free Video logo copy.png using Guid(b6ee2cf770540a84286f5d641ed4cb8b) Importer(2089858483,0ecaa5967403d082aa24f35e1b516d23)  -> (artifact id: '32bd72376af8e29170d42f5ced662347') in 0.025146 seconds
Number of updated asset objects reloaded before import = 0
Number of asset objects unloaded after import = 3
========================================================================
Received Import Request.
  Time since last request: 0.000017 seconds.
  path: Assets/Textures/AppTextures/Coin.png
  artifactKey: Guid(fe2a94175a3d1fb438454dc68b0769a6) Importer(2089858483,0ecaa5967403d082aa24f35e1b516d23)
Start importing Assets/Textures/AppTextures/Coin.png using Guid(fe2a94175a3d1fb438454dc68b0769a6) Importer(2089858483,0ecaa5967403d082aa24f35e1b516d23)  -> (artifact id: '3844feae8dcfae64e2a71e424a84d4f5') in 0.030824 seconds
Number of updated asset objects reloaded before import = 0
Number of asset objects unloaded after import = 3
========================================================================
Received Import Request.
  Time since last request: 0.000019 seconds.
  path: Assets/Plugins/SimpleFolderIcon/Icons/Plugins.png
  artifactKey: Guid(13b91f0a2558c7048ad52ab46cbec5d9) Importer(2089858483,0ecaa5967403d082aa24f35e1b516d23)
Start importing Assets/Plugins/SimpleFolderIcon/Icons/Plugins.png using Guid(13b91f0a2558c7048ad52ab46cbec5d9) Importer(2089858483,0ecaa5967403d082aa24f35e1b516d23)  -> (artifact id: '2ab0b05d25f5c9b675f3490637740fb1') in 0.033668 seconds
Number of updated asset objects reloaded before import = 0
Number of asset objects unloaded after import = 1
========================================================================
Received Import Request.
  Time since last request: 0.000035 seconds.
  path: Assets/Audio/CasualGameSounds/DM-CGS-37.wav
  artifactKey: Guid(a931da70ee74947d5a047de583170ade) Importer(2089858483,0ecaa5967403d082aa24f35e1b516d23)
Start importing Assets/Audio/CasualGameSounds/DM-CGS-37.wav using Guid(a931da70ee74947d5a047de583170ade) Importer(2089858483,0ecaa5967403d082aa24f35e1b516d23)  -> (artifact id: 'e4bc1a76626b9431abcceddb9a367d76') in 0.082894 seconds
Number of updated asset objects reloaded before import = 0
Number of asset objects unloaded after import = 1
========================================================================
Received Import Request.
  Time since last request: 0.000024 seconds.
  path: Assets/Audio/CasualGameSounds/DM-CGS-33.wav
  artifactKey: Guid(35fbad8cdde724f11ba6481f1e64af71) Importer(2089858483,0ecaa5967403d082aa24f35e1b516d23)
Start importing Assets/Audio/CasualGameSounds/DM-CGS-33.wav using Guid(35fbad8cdde724f11ba6481f1e64af71) Importer(2089858483,0ecaa5967403d082aa24f35e1b516d23)  -> (artifact id: '1896490d5630cf4ec28be1e765881551') in 0.067650 seconds
Number of updated asset objects reloaded before import = 0
Number of asset objects unloaded after import = 1
========================================================================
Received Import Request.
  Time since last request: 0.000029 seconds.
  path: Assets/Plugins/TextMesh Pro/Examples & Extras/Scripts/SkewTextExample.cs
  artifactKey: Guid(d412675cfb3441efa3bf8dcd9b7624dc) Importer(2089858483,0ecaa5967403d082aa24f35e1b516d23)
Start importing Assets/Plugins/TextMesh Pro/Examples & Extras/Scripts/SkewTextExample.cs using Guid(d412675cfb3441efa3bf8dcd9b7624dc) Importer(2089858483,0ecaa5967403d082aa24f35e1b516d23)  -> (artifact id: 'd5db6d6d24fd5cabe652812012113c25') in 0.013901 seconds
Number of updated asset objects reloaded before import = 0
Number of asset objects unloaded after import = 1
========================================================================
Received Import Request.
  Time since last request: 0.000032 seconds.
  path: Assets/Plugins/TextMesh Pro/Examples & Extras/Scripts/VertexShakeA.cs
  artifactKey: Guid(f7cfa58e417a46ea8889989684c2522e) Importer(2089858483,0ecaa5967403d082aa24f35e1b516d23)
Start importing Assets/Plugins/TextMesh Pro/Examples & Extras/Scripts/VertexShakeA.cs using Guid(f7cfa58e417a46ea8889989684c2522e) Importer(2089858483,0ecaa5967403d082aa24f35e1b516d23)  -> (artifact id: 'ef5c40fd5ab37b2fc826fcc75d835e45') in 0.010987 seconds
Number of updated asset objects reloaded before import = 0
Number of asset objects unloaded after import = 1
========================================================================
Received Import Request.
  Time since last request: 0.000061 seconds.
  path: Assets/Plugins/TextMesh Pro/Examples & Extras/Scripts/VertexColorCycler.cs
  artifactKey: Guid(91b8ba3d52e041fab2d0e0f169855539) Importer(2089858483,0ecaa5967403d082aa24f35e1b516d23)
Start importing Assets/Plugins/TextMesh Pro/Examples & Extras/Scripts/VertexColorCycler.cs using Guid(91b8ba3d52e041fab2d0e0f169855539) Importer(2089858483,0ecaa5967403d082aa24f35e1b516d23)  -> (artifact id: '405e3e16e9a9a97129e2e6735028e0fd') in 0.011219 seconds
Number of updated asset objects reloaded before import = 0
Number of asset objects unloaded after import = 1
========================================================================
Received Import Request.
  Time since last request: 0.000051 seconds.
  path: Assets/Plugins/TextMesh Pro/Examples & Extras/Scripts/ShaderPropAnimator.cs
  artifactKey: Guid(2787a46a4dc848c1b4b7b9307b614bfd) Importer(2089858483,0ecaa5967403d082aa24f35e1b516d23)
Start importing Assets/Plugins/TextMesh Pro/Examples & Extras/Scripts/ShaderPropAnimator.cs using Guid(2787a46a4dc848c1b4b7b9307b614bfd) Importer(2089858483,0ecaa5967403d082aa24f35e1b516d23)  -> (artifact id: '41f6513cb7b0b5a1268e7e24a54701bd') in 0.011454 seconds
Number of updated asset objects reloaded before import = 0
Number of asset objects unloaded after import = 1
========================================================================
Received Import Request.
  Time since last request: 0.000027 seconds.
  path: Assets/Plugins/TextMesh Pro/Examples & Extras/Scripts/TMP_TextInfoDebugTool.cs
  artifactKey: Guid(21256c5b62f346f18640dad779911e20) Importer(2089858483,0ecaa5967403d082aa24f35e1b516d23)
Start importing Assets/Plugins/TextMesh Pro/Examples & Extras/Scripts/TMP_TextInfoDebugTool.cs using Guid(21256c5b62f346f18640dad779911e20) Importer(2089858483,0ecaa5967403d082aa24f35e1b516d23)  -> (artifact id: 'ae6bd2458e776ed2749385b77beee144') in 0.011743 seconds
Number of updated asset objects reloaded before import = 0
Number of asset objects unloaded after import = 1
========================================================================
Received Import Request.
  Time since last request: 0.000116 seconds.
  path: Assets/Plugins/TextMesh Pro/Examples & Extras/Scripts/TMP_ExampleScript_01.cs
  artifactKey: Guid(6f2c5b59b6874405865e2616e4ec276a) Importer(2089858483,0ecaa5967403d082aa24f35e1b516d23)
Start importing Assets/Plugins/TextMesh Pro/Examples & Extras/Scripts/TMP_ExampleScript_01.cs using Guid(6f2c5b59b6874405865e2616e4ec276a) Importer(2089858483,0ecaa5967403d082aa24f35e1b516d23)  -> (artifact id: 'd9f5f9c87b875660d95984f0d4b4b896') in 0.010099 seconds
Number of updated asset objects reloaded before import = 0
Number of asset objects unloaded after import = 1
========================================================================
Received Import Request.
  Time since last request: 0.000018 seconds.
  path: Assets/Plugins/TextMesh Pro/Examples & Extras/Scripts/TMP_TextEventCheck.cs
  artifactKey: Guid(d736ce056cf444ca96e424f4d9c42b76) Importer(2089858483,0ecaa5967403d082aa24f35e1b516d23)
Start importing Assets/Plugins/TextMesh Pro/Examples & Extras/Scripts/TMP_TextEventCheck.cs using Guid(d736ce056cf444ca96e424f4d9c42b76) Importer(2089858483,0ecaa5967403d082aa24f35e1b516d23)  -> (artifact id: 'c8480631237438015904b620eda345b6') in 0.012155 seconds
Number of updated asset objects reloaded before import = 0
Number of asset objects unloaded after import = 1
========================================================================
Received Import Request.
  Time since last request: 0.000179 seconds.
  path: Assets/Plugins/TextMesh Pro/Examples & Extras/Scripts/ObjectSpin.cs
  artifactKey: Guid(4f19c7f94c794c5097d8bd11e39c750d) Importer(2089858483,0ecaa5967403d082aa24f35e1b516d23)
Start importing Assets/Plugins/TextMesh Pro/Examples & Extras/Scripts/ObjectSpin.cs using Guid(4f19c7f94c794c5097d8bd11e39c750d) Importer(2089858483,0ecaa5967403d082aa24f35e1b516d23)  -> (artifact id: '16ef22ef6b82c8e6331b7d031be25de0') in 0.011549 seconds
Number of updated asset objects reloaded before import = 0
Number of asset objects unloaded after import = 1
========================================================================
Received Import Request.
  Time since last request: 0.000019 seconds.
  path: Assets/Plugins/TextMesh Pro/Examples & Extras/Scripts/CameraController.cs
  artifactKey: Guid(2d687537154440a3913a9a3c7977978c) Importer(2089858483,0ecaa5967403d082aa24f35e1b516d23)
Start importing Assets/Plugins/TextMesh Pro/Examples & Extras/Scripts/CameraController.cs using Guid(2d687537154440a3913a9a3c7977978c) Importer(2089858483,0ecaa5967403d082aa24f35e1b516d23)  -> (artifact id: '5f3b9ee688342514eb99a33258f422d8') in 0.012223 seconds
Number of updated asset objects reloaded before import = 0
Number of asset objects unloaded after import = 1
========================================================================
Received Import Request.
  Time since last request: 0.000032 seconds.
  path: Assets/Plugins/TextMesh Pro/Examples & Extras/Scripts/EnvMapAnimator.cs
  artifactKey: Guid(a4b6f99e8bc54541bbd149b014ff441c) Importer(2089858483,0ecaa5967403d082aa24f35e1b516d23)
Start importing Assets/Plugins/TextMesh Pro/Examples & Extras/Scripts/EnvMapAnimator.cs using Guid(a4b6f99e8bc54541bbd149b014ff441c) Importer(2089858483,0ecaa5967403d082aa24f35e1b516d23)  -> (artifact id: '0993418bc1d65b42d9cd4f485b95bf6e') in 0.010616 seconds
Number of updated asset objects reloaded before import = 0
Number of asset objects unloaded after import = 1
========================================================================
Received Import Request.
  Time since last request: 0.000057 seconds.
  path: Assets/Plugins/TextMesh Pro/Examples & Extras/Scripts/TMPro_InstructionOverlay.cs
  artifactKey: Guid(c3c1afeda5e545e0b19add5373896d2e) Importer(2089858483,0ecaa5967403d082aa24f35e1b516d23)
Start importing Assets/Plugins/TextMesh Pro/Examples & Extras/Scripts/TMPro_InstructionOverlay.cs using Guid(c3c1afeda5e545e0b19add5373896d2e) Importer(2089858483,0ecaa5967403d082aa24f35e1b516d23)  -> (artifact id: '748ea8027ffd8ea3c29e508e3e50df2e') in 0.011373 seconds
Number of updated asset objects reloaded before import = 0
Number of asset objects unloaded after import = 1
========================================================================
Received Import Request.
  Time since last request: 0.000052 seconds.
  path: Assets/Plugins/TextMesh Pro/Examples & Extras/Scripts/ChatController.cs
  artifactKey: Guid(53d91f98a2664f5cb9af11de72ac54ec) Importer(2089858483,0ecaa5967403d082aa24f35e1b516d23)
Start importing Assets/Plugins/TextMesh Pro/Examples & Extras/Scripts/ChatController.cs using Guid(53d91f98a2664f5cb9af11de72ac54ec) Importer(2089858483,0ecaa5967403d082aa24f35e1b516d23)  -> (artifact id: 'e7f7b9e801509eb6f475575c99244f7e') in 0.012563 seconds
Number of updated asset objects reloaded before import = 0
Number of asset objects unloaded after import = 1
========================================================================
Received Import Request.
  Time since last request: 0.000026 seconds.
  path: Assets/Plugins/TextMesh Pro/Examples & Extras/Scripts/TMP_TextEventHandler.cs
  artifactKey: Guid(1312ae25639a4bae8e25ae223209cc50) Importer(2089858483,0ecaa5967403d082aa24f35e1b516d23)
Start importing Assets/Plugins/TextMesh Pro/Examples & Extras/Scripts/TMP_TextEventHandler.cs using Guid(1312ae25639a4bae8e25ae223209cc50) Importer(2089858483,0ecaa5967403d082aa24f35e1b516d23)  -> (artifact id: '2c607f2c61d21911e305eb20ce2afd6d') in 0.012067 seconds
Number of updated asset objects reloaded before import = 0
Number of asset objects unloaded after import = 1
========================================================================
Received Import Request.
  Time since last request: 0.000066 seconds.
  path: Assets/Plugins/TextMesh Pro/Examples & Extras/Scripts/TMP_UiFrameRateCounter.cs
  artifactKey: Guid(24b0dc2d1d494adbbec1f4db26b4cf83) Importer(2089858483,0ecaa5967403d082aa24f35e1b516d23)
Start importing Assets/Plugins/TextMesh Pro/Examples & Extras/Scripts/TMP_UiFrameRateCounter.cs using Guid(24b0dc2d1d494adbbec1f4db26b4cf83) Importer(2089858483,0ecaa5967403d082aa24f35e1b516d23)  -> (artifact id: 'baeb7abd268e716ae069c70fc0e7eb17') in 0.013636 seconds
Number of updated asset objects reloaded before import = 0
Number of asset objects unloaded after import = 1
========================================================================
Received Import Request.
  Time since last request: 0.000022 seconds.
  path: Assets/Plugins/TextMesh Pro/Examples & Extras/Scripts/TextConsoleSimulator.cs
  artifactKey: Guid(43bcd35a1c0c40ccb6d472893fe2093f) Importer(2089858483,0ecaa5967403d082aa24f35e1b516d23)
Start importing Assets/Plugins/TextMesh Pro/Examples & Extras/Scripts/TextConsoleSimulator.cs using Guid(43bcd35a1c0c40ccb6d472893fe2093f) Importer(2089858483,0ecaa5967403d082aa24f35e1b516d23)  -> (artifact id: '4a0b4191f81df8283e9c30c4d509cff6') in 0.018465 seconds
Number of updated asset objects reloaded before import = 0
Number of asset objects unloaded after import = 1
========================================================================
Received Import Request.
  Time since last request: 0.000026 seconds.
  path: Assets/Plugins/TextMesh Pro/Examples & Extras/Scripts/TMP_DigitValidator.cs
  artifactKey: Guid(1a7eb92a01ed499a987bde9def05fbce) Importer(2089858483,0ecaa5967403d082aa24f35e1b516d23)
Start importing Assets/Plugins/TextMesh Pro/Examples & Extras/Scripts/TMP_DigitValidator.cs using Guid(1a7eb92a01ed499a987bde9def05fbce) Importer(2089858483,0ecaa5967403d082aa24f35e1b516d23)  -> (artifact id: '794d43efbb82b0acd89b4a8e4bd1cad1') in 0.015724 seconds
Number of updated asset objects reloaded before import = 0
Number of asset objects unloaded after import = 1
========================================================================
Received Import Request.
  Time since last request: 0.000024 seconds.
  path: Assets/Plugins/TextMesh Pro/Examples & Extras/Scripts/TMP_PhoneNumberValidator.cs
  artifactKey: Guid(83680ab1a69f4102ac67d1459fe76e1f) Importer(2089858483,0ecaa5967403d082aa24f35e1b516d23)
Start importing Assets/Plugins/TextMesh Pro/Examples & Extras/Scripts/TMP_PhoneNumberValidator.cs using Guid(83680ab1a69f4102ac67d1459fe76e1f) Importer(2089858483,0ecaa5967403d082aa24f35e1b516d23)  -> (artifact id: 'c1f2d22bfa86e87dfa4be1606f1e2653') in 0.016195 seconds
Number of updated asset objects reloaded before import = 0
Number of asset objects unloaded after import = 1
========================================================================
Received Import Request.
  Time since last request: 0.000038 seconds.
  path: Assets/Plugins/TextMesh Pro/Examples & Extras/Scripts/TMP_TextSelector_A.cs
  artifactKey: Guid(103e0a6a1d404693b9fb1a5173e0e979) Importer(2089858483,0ecaa5967403d082aa24f35e1b516d23)
Start importing Assets/Plugins/TextMesh Pro/Examples & Extras/Scripts/TMP_TextSelector_A.cs using Guid(103e0a6a1d404693b9fb1a5173e0e979) Importer(2089858483,0ecaa5967403d082aa24f35e1b516d23)  -> (artifact id: 'acfad1b6fe9d3d25ad9e82daaf0c8e7d') in 0.018998 seconds
Number of updated asset objects reloaded before import = 0
Number of asset objects unloaded after import = 1
========================================================================
Received Import Request.
  Time since last request: 0.000025 seconds.
  path: Assets/Plugins/TextMesh Pro/Examples & Extras/Scripts/DropdownSample.cs
  artifactKey: Guid(ac1eb05af6d391b4eb0f4c070a99f1d0) Importer(2089858483,0ecaa5967403d082aa24f35e1b516d23)
Start importing Assets/Plugins/TextMesh Pro/Examples & Extras/Scripts/DropdownSample.cs using Guid(ac1eb05af6d391b4eb0f4c070a99f1d0) Importer(2089858483,0ecaa5967403d082aa24f35e1b516d23)  -> (artifact id: '901a6946e0910629c0e1b866d9510b4c') in 0.014586 seconds
Number of updated asset objects reloaded before import = 0
Number of asset objects unloaded after import = 1
========================================================================
Received Import Request.
  Time since last request: 0.000022 seconds.
  path: Assets/Plugins/TextMesh Pro/Examples & Extras/Scripts/TeleType.cs
  artifactKey: Guid(e32c266ee6204b21a427753cb0694c81) Importer(2089858483,0ecaa5967403d082aa24f35e1b516d23)
Start importing Assets/Plugins/TextMesh Pro/Examples & Extras/Scripts/TeleType.cs using Guid(e32c266ee6204b21a427753cb0694c81) Importer(2089858483,0ecaa5967403d082aa24f35e1b516d23)  -> (artifact id: 'a155156fa3c857e7fece79b12fe5b8be') in 0.013995 seconds
Number of updated asset objects reloaded before import = 0
Number of asset objects unloaded after import = 1
========================================================================
Received Import Request.
  Time since last request: 0.000051 seconds.
  path: Assets/Plugins/TextMesh Pro/Examples & Extras/Scripts/VertexJitter.cs
  artifactKey: Guid(2ed57967c52645d390a89dcf8f61ba73) Importer(2089858483,0ecaa5967403d082aa24f35e1b516d23)
Start importing Assets/Plugins/TextMesh Pro/Examples & Extras/Scripts/VertexJitter.cs using Guid(2ed57967c52645d390a89dcf8f61ba73) Importer(2089858483,0ecaa5967403d082aa24f35e1b516d23)  -> (artifact id: 'ea9c3ffb5fceed63a36e7c64b8b3783b') in 0.019279 seconds
Number of updated asset objects reloaded before import = 0
Number of asset objects unloaded after import = 1
========================================================================
Received Import Request.
  Time since last request: 0.000022 seconds.
  path: Assets/Plugins/TextMesh Pro/Examples & Extras/Scripts/TMP_TextSelector_B.cs
  artifactKey: Guid(a05dcd8be7ec4ccbb35c26219884aa37) Importer(2089858483,0ecaa5967403d082aa24f35e1b516d23)
Start importing Assets/Plugins/TextMesh Pro/Examples & Extras/Scripts/TMP_TextSelector_B.cs using Guid(a05dcd8be7ec4ccbb35c26219884aa37) Importer(2089858483,0ecaa5967403d082aa24f35e1b516d23)  -> (artifact id: '8d781c304dfab8d5747e37ba897be644') in 0.020354 seconds
Number of updated asset objects reloaded before import = 0
Number of asset objects unloaded after import = 1
========================================================================
Received Import Request.
  Time since last request: 0.000051 seconds.
  path: Assets/Plugins/TextMesh Pro/Examples & Extras/Scripts/SimpleScript.cs
  artifactKey: Guid(9eff140b25d64601aabc6ba32245d099) Importer(2089858483,0ecaa5967403d082aa24f35e1b516d23)
Start importing Assets/Plugins/TextMesh Pro/Examples & Extras/Scripts/SimpleScript.cs using Guid(9eff140b25d64601aabc6ba32245d099) Importer(2089858483,0ecaa5967403d082aa24f35e1b516d23)  -> (artifact id: 'cada019a0ecf2aa3d09873aca98ea574') in 0.016267 seconds
Number of updated asset objects reloaded before import = 0
Number of asset objects unloaded after import = 1
========================================================================
Received Import Request.
  Time since last request: 0.000052 seconds.
  path: Assets/Plugins/TextMesh Pro/Examples & Extras/Scripts/TextMeshProFloatingText.cs
  artifactKey: Guid(a4d4c76e63944cba8c7d00f56334b98c) Importer(2089858483,0ecaa5967403d082aa24f35e1b516d23)
Start importing Assets/Plugins/TextMesh Pro/Examples & Extras/Scripts/TextMeshProFloatingText.cs using Guid(a4d4c76e63944cba8c7d00f56334b98c) Importer(2089858483,0ecaa5967403d082aa24f35e1b516d23)  -> (artifact id: '97049bdef29215babdfc2ced06605c0a') in 0.011826 seconds
Number of updated asset objects reloaded before import = 0
Number of asset objects unloaded after import = 1
========================================================================
Received Import Request.
  Time since last request: 0.000018 seconds.
  path: Assets/Textures/AppTextures/Special Egg.png
  artifactKey: Guid(30ea58d5686ef4f4c977658ab7b46774) Importer(2089858483,0ecaa5967403d082aa24f35e1b516d23)
Start importing Assets/Textures/AppTextures/Special Egg.png using Guid(30ea58d5686ef4f4c977658ab7b46774) Importer(2089858483,0ecaa5967403d082aa24f35e1b516d23)  -> (artifact id: 'f9bf242ce506676dc512a5d7b5633185') in 0.025470 seconds
Number of updated asset objects reloaded before import = 0
Number of asset objects unloaded after import = 3
========================================================================
Received Import Request.
  Time since last request: 0.000016 seconds.
  path: Assets/Scripts/Skin/SkinNames.cs
  artifactKey: Guid(2f34d060f97505347a138d9d558ce29b) Importer(2089858483,0ecaa5967403d082aa24f35e1b516d23)
Start importing Assets/Scripts/Skin/SkinNames.cs using Guid(2f34d060f97505347a138d9d558ce29b) Importer(2089858483,0ecaa5967403d082aa24f35e1b516d23)  -> (artifact id: 'e74559406c026aae3ee09a5a0cc395f7') in 0.011556 seconds
Number of updated asset objects reloaded before import = 0
Number of asset objects unloaded after import = 1
========================================================================
Received Import Request.
  Time since last request: 0.000017 seconds.
  path: Assets/Materials/Crystal Positiive.mat
  artifactKey: Guid(84483839b5874a84faef9aadfee5cd0f) Importer(2089858483,0ecaa5967403d082aa24f35e1b516d23)
Start importing Assets/Materials/Crystal Positiive.mat using Guid(84483839b5874a84faef9aadfee5cd0f) Importer(2089858483,0ecaa5967403d082aa24f35e1b516d23)  -> (artifact id: '148aa10eebd14612b0a8f7091a96adcb') in 0.019938 seconds
Number of updated asset objects reloaded before import = 0
Number of asset objects unloaded after import = 1
========================================================================
Received Import Request.
  Time since last request: 0.000019 seconds.
  path: Assets/Textures/Icons/shop.png
  artifactKey: Guid(071e0658a864de94e9772e14cf8adc29) Importer(2089858483,0ecaa5967403d082aa24f35e1b516d23)
Start importing Assets/Textures/Icons/shop.png using Guid(071e0658a864de94e9772e14cf8adc29) Importer(2089858483,0ecaa5967403d082aa24f35e1b516d23)  -> (artifact id: 'a4220cc9c42351aa34fb27109474da4c') in 0.027407 seconds
Number of updated asset objects reloaded before import = 0
Number of asset objects unloaded after import = 3
========================================================================
Received Import Request.
  Time since last request: 0.000022 seconds.
  path: Assets/GoogleMobileAds/Editor/Resources/Ump/ConsentForm.prefab
  artifactKey: Guid(32087445d9e7f4577ae9170a6b11f114) Importer(2089858483,0ecaa5967403d082aa24f35e1b516d23)
Start importing Assets/GoogleMobileAds/Editor/Resources/Ump/ConsentForm.prefab using Guid(32087445d9e7f4577ae9170a6b11f114) Importer(2089858483,0ecaa5967403d082aa24f35e1b516d23)  -> (artifact id: '58a08debfe53a82adab65524eff53e69') in 0.023942 seconds
Number of updated asset objects reloaded before import = 0
Number of asset objects unloaded after import = 27
========================================================================
Received Import Request.
  Time since last request: 0.000028 seconds.
  path: Assets/GoogleMobileAds/link.xml
  artifactKey: Guid(d6461f9591d240498f49453b73a48552) Importer(2089858483,0ecaa5967403d082aa24f35e1b516d23)
Start importing Assets/GoogleMobileAds/link.xml using Guid(d6461f9591d240498f49453b73a48552) Importer(2089858483,0ecaa5967403d082aa24f35e1b516d23)  -> (artifact id: 'e5fc945d11ec8c37cbe9b10ab422e8c7') in 0.009782 seconds
Number of updated asset objects reloaded before import = 0
Number of asset objects unloaded after import = 1
========================================================================
Received Import Request.
  Time since last request: 0.000022 seconds.
  path: Assets/Plugins/TextMesh Pro/Examples & Extras/Scenes/18 - ScrollRect & Masking & Layout.unity
  artifactKey: Guid(03f9d74cec8e4b94a29d2dfd177c821b) Importer(2089858483,0ecaa5967403d082aa24f35e1b516d23)
Start importing Assets/Plugins/TextMesh Pro/Examples & Extras/Scenes/18 - ScrollRect & Masking & Layout.unity using Guid(03f9d74cec8e4b94a29d2dfd177c821b) Importer(2089858483,0ecaa5967403d082aa24f35e1b516d23)  -> (artifact id: '8a832d5e39d03d89fb4f54d505f15a79') in 0.010053 seconds
Number of updated asset objects reloaded before import = 0
Number of asset objects unloaded after import = 1
========================================================================
Received Import Request.
  Time since last request: 0.000030 seconds.
  path: Assets/Scripts/xBySCENES/Game/Platforms/GroundSettings.cs
  artifactKey: Guid(00d333ccaecbdd14cbabb10d2a209b8e) Importer(2089858483,0ecaa5967403d082aa24f35e1b516d23)
Start importing Assets/Scripts/xBySCENES/Game/Platforms/GroundSettings.cs using Guid(00d333ccaecbdd14cbabb10d2a209b8e) Importer(2089858483,0ecaa5967403d082aa24f35e1b516d23)  -> (artifact id: '286e2f62fb6ccad4a2a5b0bee75a1981') in 0.012631 seconds
Number of updated asset objects reloaded before import = 0
Number of asset objects unloaded after import = 1
========================================================================
Received Import Request.
  Time since last request: 0.000019 seconds.
  path: Assets/Plugins/TextMesh Pro/Examples & Extras/Textures/Text Overflow - Linked Text Image 1.png
  artifactKey: Guid(4ccf43d26c4748c792174516f4a8fcef) Importer(2089858483,0ecaa5967403d082aa24f35e1b516d23)
Start importing Assets/Plugins/TextMesh Pro/Examples & Extras/Textures/Text Overflow - Linked Text Image 1.png using Guid(4ccf43d26c4748c792174516f4a8fcef) Importer(2089858483,0ecaa5967403d082aa24f35e1b516d23)  -> (artifact id: '2514bb9dd3e21086cc1363835b243cc8') in 0.025579 seconds
Number of updated asset objects reloaded before import = 0
Number of asset objects unloaded after import = 1
========================================================================
Received Import Request.
  Time since last request: 0.000052 seconds.
  path: Assets/Plugins/TextMesh Pro/Examples & Extras/Textures/Floor Tiles 1 - diffuse.jpg
  artifactKey: Guid(85ac55597b97403c82fc6601a93cf241) Importer(2089858483,0ecaa5967403d082aa24f35e1b516d23)
Start importing Assets/Plugins/TextMesh Pro/Examples & Extras/Textures/Floor Tiles 1 - diffuse.jpg using Guid(85ac55597b97403c82fc6601a93cf241) Importer(2089858483,0ecaa5967403d082aa24f35e1b516d23)  -> (artifact id: '9c6dc6268dc7b1ddcb023df21ca7d670') in 0.029264 seconds
Number of updated asset objects reloaded before import = 0
Number of asset objects unloaded after import = 1
========================================================================
Received Import Request.
  Time since last request: 0.000019 seconds.
  path: Assets/Plugins/TextMesh Pro/Examples & Extras/Scripts/WarpTextExample.cs
  artifactKey: Guid(790744c462254b7ba8038e6ed28b3db2) Importer(2089858483,0ecaa5967403d082aa24f35e1b516d23)
Start importing Assets/Plugins/TextMesh Pro/Examples & Extras/Scripts/WarpTextExample.cs using Guid(790744c462254b7ba8038e6ed28b3db2) Importer(2089858483,0ecaa5967403d082aa24f35e1b516d23)  -> (artifact id: '9d671ebf55d90464b71a3405759580d3') in 0.012025 seconds
Number of updated asset objects reloaded before import = 0
Number of asset objects unloaded after import = 1
========================================================================
Received Import Request.
  Time since last request: 0.000020 seconds.
  path: Assets/Scripts/xBySCENES/Game/Platforms/MovingBetweenVoid.cs
  artifactKey: Guid(7bdbad3afa0952c4ea7bc9b4621e9482) Importer(2089858483,0ecaa5967403d082aa24f35e1b516d23)
Start importing Assets/Scripts/xBySCENES/Game/Platforms/MovingBetweenVoid.cs using Guid(7bdbad3afa0952c4ea7bc9b4621e9482) Importer(2089858483,0ecaa5967403d082aa24f35e1b516d23)  -> (artifact id: '34587732dc00e1b0cc0491e8d78f8829') in 0.015237 seconds
Number of updated asset objects reloaded before import = 0
Number of asset objects unloaded after import = 1
========================================================================
Received Import Request.
  Time since last request: 0.000020 seconds.
  path: Assets/Plugins/TextMesh Pro/Examples & Extras/Textures/Wipe Pattern - Radial Quad.psd
  artifactKey: Guid(2b5e9ae96c5644d8bae932f8b4ca68a2) Importer(2089858483,0ecaa5967403d082aa24f35e1b516d23)
Start importing Assets/Plugins/TextMesh Pro/Examples & Extras/Textures/Wipe Pattern - Radial Quad.psd using Guid(2b5e9ae96c5644d8bae932f8b4ca68a2) Importer(2089858483,0ecaa5967403d082aa24f35e1b516d23)  -> (artifact id: '1fac13d091b75c4d18dc3ebdc3d6d496') in 0.021413 seconds
Number of updated asset objects reloaded before import = 0
Number of asset objects unloaded after import = 1
========================================================================
Received Import Request.
  Time since last request: 0.000025 seconds.
  path: Assets/Plugins/TextMesh Pro/Examples & Extras/Textures/Gradient Vertical (Color).jpg
  artifactKey: Guid(03d0538de6e24c0f819bfc9ce084dfa9) Importer(2089858483,0ecaa5967403d082aa24f35e1b516d23)
Start importing Assets/Plugins/TextMesh Pro/Examples & Extras/Textures/Gradient Vertical (Color).jpg using Guid(03d0538de6e24c0f819bfc9ce084dfa9) Importer(2089858483,0ecaa5967403d082aa24f35e1b516d23)  -> (artifact id: '34738a92d1910acef204210c9c0ed7e7') in 0.023067 seconds
Number of updated asset objects reloaded before import = 0
Number of asset objects unloaded after import = 1
========================================================================
Received Import Request.
  Time since last request: 0.000016 seconds.
  path: Assets/Plugins/TextMesh Pro/Examples & Extras/Textures/Wipe Pattern - Radial Double.psd
  artifactKey: Guid(7631f4eff8f74ed38eb3eb9db17134e1) Importer(2089858483,0ecaa5967403d082aa24f35e1b516d23)
Start importing Assets/Plugins/TextMesh Pro/Examples & Extras/Textures/Wipe Pattern - Radial Double.psd using Guid(7631f4eff8f74ed38eb3eb9db17134e1) Importer(2089858483,0ecaa5967403d082aa24f35e1b516d23)  -> (artifact id: '9c6199c41a6783cd0b2316c6f6546c60') in 0.021834 seconds
Number of updated asset objects reloaded before import = 0
Number of asset objects unloaded after import = 1
========================================================================
Received Import Request.
  Time since last request: 0.000020 seconds.
  path: Assets/Plugins/TextMesh Pro/Examples & Extras/Textures/Fruit Jelly (B&W).jpg
  artifactKey: Guid(1cdc5b506b1a4a33a53c30669ced1f51) Importer(2089858483,0ecaa5967403d082aa24f35e1b516d23)
Start importing Assets/Plugins/TextMesh Pro/Examples & Extras/Textures/Fruit Jelly (B&W).jpg using Guid(1cdc5b506b1a4a33a53c30669ced1f51) Importer(2089858483,0ecaa5967403d082aa24f35e1b516d23)  -> (artifact id: '146c2bb3c8a5bb9925063553ae34a4e8') in 0.027420 seconds
Number of updated asset objects reloaded before import = 0
Number of asset objects unloaded after import = 1
========================================================================
Received Import Request.
  Time since last request: 0.000025 seconds.
  path: Assets/Scripts/xBySCENES/Game/AliveMenu/WindowScaler.cs
  artifactKey: Guid(7a26e0cb3b7d80a41b7652b5b1e66757) Importer(2089858483,0ecaa5967403d082aa24f35e1b516d23)
Start importing Assets/Scripts/xBySCENES/Game/AliveMenu/WindowScaler.cs using Guid(7a26e0cb3b7d80a41b7652b5b1e66757) Importer(2089858483,0ecaa5967403d082aa24f35e1b516d23)  -> (artifact id: '423b669ad66f3583cd52690060ab3e66') in 0.011351 seconds
Number of updated asset objects reloaded before import = 0
Number of asset objects unloaded after import = 1
========================================================================
Received Import Request.
  Time since last request: 0.000027 seconds.
  path: Assets/Plugins/TextMesh Pro/Resources/Fonts & Materials/LiberationSans SDF - Drop Shadow.mat
  artifactKey: Guid(e73a58f6e2794ae7b1b7e50b7fb811b0) Importer(2089858483,0ecaa5967403d082aa24f35e1b516d23)
Start importing Assets/Plugins/TextMesh Pro/Resources/Fonts & Materials/LiberationSans SDF - Drop Shadow.mat using Guid(e73a58f6e2794ae7b1b7e50b7fb811b0) Importer(2089858483,0ecaa5967403d082aa24f35e1b516d23)  -> (artifact id: 'dce9d8057d51425ebfff3b22e7afad03') in 0.036009 seconds
Number of updated asset objects reloaded before import = 0
Number of asset objects unloaded after import = 2
========================================================================
Received Import Request.
  Time since last request: 0.000014 seconds.
  path: Assets/Plugins/TextMesh Pro/Examples & Extras/Textures/Brushed Metal 3.jpg
  artifactKey: Guid(f88677df267a41d6be1e7a6133e7d227) Importer(2089858483,0ecaa5967403d082aa24f35e1b516d23)
Start importing Assets/Plugins/TextMesh Pro/Examples & Extras/Textures/Brushed Metal 3.jpg using Guid(f88677df267a41d6be1e7a6133e7d227) Importer(2089858483,0ecaa5967403d082aa24f35e1b516d23)  -> (artifact id: 'e2aefa7ebae44f8b80b2a10a155d6820') in 0.031891 seconds
Number of updated asset objects reloaded before import = 0
Number of asset objects unloaded after import = 1
========================================================================
Received Import Request.
  Time since last request: 0.000016 seconds.
  path: Assets/Plugins/TextMesh Pro/Examples & Extras/Textures/Small Crate_diffuse.jpg
  artifactKey: Guid(602cb87b6a29443b8636370ea0751574) Importer(2089858483,0ecaa5967403d082aa24f35e1b516d23)
Start importing Assets/Plugins/TextMesh Pro/Examples & Extras/Textures/Small Crate_diffuse.jpg using Guid(602cb87b6a29443b8636370ea0751574) Importer(2089858483,0ecaa5967403d082aa24f35e1b516d23)  -> (artifact id: '58cb12449a50c06c2db09a3b02a64be4') in 0.023576 seconds
Number of updated asset objects reloaded before import = 0
Number of asset objects unloaded after import = 1
========================================================================
Received Import Request.
  Time since last request: 0.001385 seconds.
  path: Assets/Scripts/xBySCENES/Game/AliveMenu/AliveCounter.cs
  artifactKey: Guid(1a17edc23d485d14687d65d83122d0e6) Importer(2089858483,0ecaa5967403d082aa24f35e1b516d23)
Start importing Assets/Scripts/xBySCENES/Game/AliveMenu/AliveCounter.cs using Guid(1a17edc23d485d14687d65d83122d0e6) Importer(2089858483,0ecaa5967403d082aa24f35e1b516d23)  -> (artifact id: '6caaf88189045699bc0f76459f355a55') in 0.011808 seconds
Number of updated asset objects reloaded before import = 0
Number of asset objects unloaded after import = 1
========================================================================
Received Import Request.
  Time since last request: 0.000046 seconds.
  path: Assets/Plugins/TextMesh Pro/Examples & Extras/Scripts/TMP_FrameRateCounter.cs
  artifactKey: Guid(686ec78b56aa445795335fbadafcfaa4) Importer(2089858483,0ecaa5967403d082aa24f35e1b516d23)
Start importing Assets/Plugins/TextMesh Pro/Examples & Extras/Scripts/TMP_FrameRateCounter.cs using Guid(686ec78b56aa445795335fbadafcfaa4) Importer(2089858483,0ecaa5967403d082aa24f35e1b516d23)  -> (artifact id: 'ebf5dd21a6cefd46a22abdc02b4931bc') in 0.017366 seconds
Number of updated asset objects reloaded before import = 0
Number of asset objects unloaded after import = 1
========================================================================
Received Import Request.
  Time since last request: 0.000028 seconds.
  path: Assets/Audio/CasualGameSounds/DM-CGS-16.wav
  artifactKey: Guid(724131bc8a7f34041bb9f1701f0cb58d) Importer(2089858483,0ecaa5967403d082aa24f35e1b516d23)
Start importing Assets/Audio/CasualGameSounds/DM-CGS-16.wav using Guid(724131bc8a7f34041bb9f1701f0cb58d) Importer(2089858483,0ecaa5967403d082aa24f35e1b516d23)  -> (artifact id: 'be0f92d5798c0d40884e701e70fb9a64') in 0.057546 seconds
Number of updated asset objects reloaded before import = 0
Number of asset objects unloaded after import = 1
========================================================================
Received Import Request.
  Time since last request: 0.000035 seconds.
  path: Assets/Plugins/TextMesh Pro/Resources/Fonts & Materials/LiberationSans SDF - Fallback.asset
  artifactKey: Guid(2e498d1c8094910479dc3e1b768306a4) Importer(2089858483,0ecaa5967403d082aa24f35e1b516d23)
Start importing Assets/Plugins/TextMesh Pro/Resources/Fonts & Materials/LiberationSans SDF - Fallback.asset using Guid(2e498d1c8094910479dc3e1b768306a4) Importer(2089858483,0ecaa5967403d082aa24f35e1b516d23)  -> (artifact id: 'ba39306313566542a084e8c93f8ca9ce') in 0.033067 seconds
Number of updated asset objects reloaded before import = 0
Number of asset objects unloaded after import = 5
========================================================================
Received Import Request.
  Time since last request: 0.000020 seconds.
  path: Assets/Textures/Icons/arrow left.png
  artifactKey: Guid(588a27f685e89214b826e1e0f57dda00) Importer(2089858483,0ecaa5967403d082aa24f35e1b516d23)
Start importing Assets/Textures/Icons/arrow left.png using Guid(588a27f685e89214b826e1e0f57dda00) Importer(2089858483,0ecaa5967403d082aa24f35e1b516d23)  -> (artifact id: '7c1a1b50ab060a2e660fe20960f93060') in 0.026260 seconds
Number of updated asset objects reloaded before import = 0
Number of asset objects unloaded after import = 3
========================================================================
Received Import Request.
  Time since last request: 0.000030 seconds.
  path: Assets/Plugins/TextMesh Pro/Resources/Fonts & Materials/LiberationSans SDF.asset
  artifactKey: Guid(8f586378b4e144a9851e7b34d9b748ee) Importer(2089858483,0ecaa5967403d082aa24f35e1b516d23)
Start importing Assets/Plugins/TextMesh Pro/Resources/Fonts & Materials/LiberationSans SDF.asset using Guid(8f586378b4e144a9851e7b34d9b748ee) Importer(2089858483,0ecaa5967403d082aa24f35e1b516d23)  -> (artifact id: '811895773629b38254e1039ed3846645') in 0.045844 seconds
Number of updated asset objects reloaded before import = 0
Number of asset objects unloaded after import = 8
========================================================================
Received Import Request.
  Time since last request: 0.000017 seconds.
  path: Assets/GoogleMobileAds/Editor/Resources/PlaceholderAds/Rewarded/768x1024.prefab
  artifactKey: Guid(4e3dd9a9607da46da8125b4b59a18db2) Importer(2089858483,0ecaa5967403d082aa24f35e1b516d23)
Start importing Assets/GoogleMobileAds/Editor/Resources/PlaceholderAds/Rewarded/768x1024.prefab using Guid(4e3dd9a9607da46da8125b4b59a18db2) Importer(2089858483,0ecaa5967403d082aa24f35e1b516d23)  -> (artifact id: '7b6b890e810a1d12bcf4ccc1ab5359b1') in 0.021357 seconds
Number of updated asset objects reloaded before import = 0
Number of asset objects unloaded after import = 30
========================================================================
Received Import Request.
  Time since last request: 0.000016 seconds.
  path: Assets/GoogleMobileAds/Editor/Resources/PlaceholderAds/Banners/ADAPTIVE.prefab
  artifactKey: Guid(b2a3ea2f1837847d9981501e0eeca085) Importer(2089858483,0ecaa5967403d082aa24f35e1b516d23)
Start importing Assets/GoogleMobileAds/Editor/Resources/PlaceholderAds/Banners/ADAPTIVE.prefab using Guid(b2a3ea2f1837847d9981501e0eeca085) Importer(2089858483,0ecaa5967403d082aa24f35e1b516d23)  -> (artifact id: '8dad1ccdc9546433823f56527f9387ae') in 0.020266 seconds
Number of updated asset objects reloaded before import = 0
Number of asset objects unloaded after import = 16
========================================================================
Received Import Request.
  Time since last request: 0.000017 seconds.
  path: Assets/Plugins/TextMesh Pro/Examples & Extras/Resources/Fonts & Materials/Bangers SDF - Outline.mat
  artifactKey: Guid(f629c6e43dba4bf38cb74d8860150664) Importer(2089858483,0ecaa5967403d082aa24f35e1b516d23)
Start importing Assets/Plugins/TextMesh Pro/Examples & Extras/Resources/Fonts & Materials/Bangers SDF - Outline.mat using Guid(f629c6e43dba4bf38cb74d8860150664) Importer(2089858483,0ecaa5967403d082aa24f35e1b516d23)  -> (artifact id: '900860976cf67eab0d20e0fefff2cf04') in 0.024115 seconds
Number of updated asset objects reloaded before import = 0
Number of asset objects unloaded after import = 2
========================================================================
Received Import Request.
  Time since last request: 0.000017 seconds.
  path: Assets/GoogleMobileAds/Editor/Resources/PlaceholderAds/AdImages/AdInspectorHome.png
  artifactKey: Guid(d271d6a1aed6848559ecad6252e333b1) Importer(2089858483,0ecaa5967403d082aa24f35e1b516d23)
Start importing Assets/GoogleMobileAds/Editor/Resources/PlaceholderAds/AdImages/AdInspectorHome.png using Guid(d271d6a1aed6848559ecad6252e333b1) Importer(2089858483,0ecaa5967403d082aa24f35e1b516d23)  -> (artifact id: 'd8e4dd72afe54d259e1279678372a46e') in 0.030558 seconds
Number of updated asset objects reloaded before import = 0
Number of asset objects unloaded after import = 3
========================================================================
Received Import Request.
  Time since last request: 0.000018 seconds.
  path: Assets/GoogleMobileAds/Editor/Resources/PlaceholderAds/AdImages/300x250.png
  artifactKey: Guid(898f886a39d714db5b90d2c36676c894) Importer(2089858483,0ecaa5967403d082aa24f35e1b516d23)
Start importing Assets/GoogleMobileAds/Editor/Resources/PlaceholderAds/AdImages/300x250.png using Guid(898f886a39d714db5b90d2c36676c894) Importer(2089858483,0ecaa5967403d082aa24f35e1b516d23)  -> (artifact id: 'b3566a925c90f22c08e18dd630674cee') in 0.029159 seconds
Number of updated asset objects reloaded before import = 0
Number of asset objects unloaded after import = 3
========================================================================
Received Import Request.
  Time since last request: 0.000016 seconds.
  path: Assets/Plugins/TextMesh Pro/Examples & Extras/Resources/Fonts & Materials/Anton SDF - Sunny Days.mat
  artifactKey: Guid(6522f30e342599e4e9dd4cc2cc03c830) Importer(2089858483,0ecaa5967403d082aa24f35e1b516d23)
Start importing Assets/Plugins/TextMesh Pro/Examples & Extras/Resources/Fonts & Materials/Anton SDF - Sunny Days.mat using Guid(6522f30e342599e4e9dd4cc2cc03c830) Importer(2089858483,0ecaa5967403d082aa24f35e1b516d23)  -> (artifact id: 'f09e846ce7697784344bb6ce12bebfc2') in 0.029097 seconds
Number of updated asset objects reloaded before import = 0
Number of asset objects unloaded after import = 4
========================================================================
Received Import Request.
  Time since last request: 0.000019 seconds.
  path: Assets/GoogleMobileAds/Editor/Resources/PlaceholderAds/AdImages/468x60.png
  artifactKey: Guid(74358f5fb13a549aabac4a5a7ac76739) Importer(2089858483,0ecaa5967403d082aa24f35e1b516d23)
Start importing Assets/GoogleMobileAds/Editor/Resources/PlaceholderAds/AdImages/468x60.png using Guid(74358f5fb13a549aabac4a5a7ac76739) Importer(2089858483,0ecaa5967403d082aa24f35e1b516d23)  -> (artifact id: '08b86752441bf8134099bc27c2074358') in 0.025895 seconds
Number of updated asset objects reloaded before import = 0
Number of asset objects unloaded after import = 3
========================================================================
Received Import Request.
  Time since last request: 0.000020 seconds.
  path: Assets/Plugins/TextMesh Pro/Examples & Extras/Resources/Fonts & Materials/Anton SDF.asset
  artifactKey: Guid(8a89fa14b10d46a99122fd4f73fca9a2) Importer(2089858483,0ecaa5967403d082aa24f35e1b516d23)
Start importing Assets/Plugins/TextMesh Pro/Examples & Extras/Resources/Fonts & Materials/Anton SDF.asset using Guid(8a89fa14b10d46a99122fd4f73fca9a2) Importer(2089858483,0ecaa5967403d082aa24f35e1b516d23)  -> (artifact id: '68b743c23728ae7475bee67809f16956') in 0.027602 seconds
Number of updated asset objects reloaded before import = 0
Number of asset objects unloaded after import = 5
========================================================================
Received Import Request.
  Time since last request: 0.000030 seconds.
  path: Assets/GoogleMobileAds/Editor/Resources/PlaceholderAds/AdImages/320x480.png
  artifactKey: Guid(77d9c04b43d404f44ab60d7159b279bb) Importer(2089858483,0ecaa5967403d082aa24f35e1b516d23)
Start importing Assets/GoogleMobileAds/Editor/Resources/PlaceholderAds/AdImages/320x480.png using Guid(77d9c04b43d404f44ab60d7159b279bb) Importer(2089858483,0ecaa5967403d082aa24f35e1b516d23)  -> (artifact id: 'd14cb85daf7eb47d8e7feb81d5ad32f2') in 0.023352 seconds
Number of updated asset objects reloaded before import = 0
Number of asset objects unloaded after import = 3
========================================================================
Received Import Request.
  Time since last request: 0.000022 seconds.
  path: Assets/GoogleMobileAds/Editor/Resources/PlaceholderAds/Banners/LEADERBOARD.prefab
  artifactKey: Guid(60a76727b740d485fa446352e56931c5) Importer(2089858483,0ecaa5967403d082aa24f35e1b516d23)
Start importing Assets/GoogleMobileAds/Editor/Resources/PlaceholderAds/Banners/LEADERBOARD.prefab using Guid(60a76727b740d485fa446352e56931c5) Importer(2089858483,0ecaa5967403d082aa24f35e1b516d23)  -> (artifact id: 'd588a013389abae22dbe790db122d087') in 0.021697 seconds
Number of updated asset objects reloaded before import = 0
Number of asset objects unloaded after import = 13
========================================================================
Received Import Request.
  Time since last request: 0.000014 seconds.
  path: Assets/GoogleMobileAds/Editor/Resources/PlaceholderAds/Banners/FULL_BANNER.prefab
  artifactKey: Guid(a01bd5a6d0f504aecb61dad504950abd) Importer(2089858483,0ecaa5967403d082aa24f35e1b516d23)
Start importing Assets/GoogleMobileAds/Editor/Resources/PlaceholderAds/Banners/FULL_BANNER.prefab using Guid(a01bd5a6d0f504aecb61dad504950abd) Importer(2089858483,0ecaa5967403d082aa24f35e1b516d23)  -> (artifact id: 'ad03996a22e96dd7f56bb5a3efe40a61') in 0.020736 seconds
Number of updated asset objects reloaded before import = 0
Number of asset objects unloaded after import = 13
========================================================================
Received Import Request.
  Time since last request: 0.000016 seconds.
  path: Assets/Plugins/TextMesh Pro/Examples & Extras/Resources/Fonts & Materials/Bangers SDF - Drop Shadow.mat
  artifactKey: Guid(f2dcf029949142e28b974630369c8b4e) Importer(2089858483,0ecaa5967403d082aa24f35e1b516d23)
Start importing Assets/Plugins/TextMesh Pro/Examples & Extras/Resources/Fonts & Materials/Bangers SDF - Drop Shadow.mat using Guid(f2dcf029949142e28b974630369c8b4e) Importer(2089858483,0ecaa5967403d082aa24f35e1b516d23)  -> (artifact id: 'c6addba8f472bfa9f84c6a06009e1f97') in 0.019968 seconds
Number of updated asset objects reloaded before import = 0
Number of asset objects unloaded after import = 2
========================================================================
Received Import Request.
  Time since last request: 0.000015 seconds.
  path: Assets/GoogleMobileAds/Editor/Resources/PlaceholderAds/Banners/MEDIUM_RECTANGLE.prefab
  artifactKey: Guid(da3156337d5ca4d529cf72f8b467823b) Importer(2089858483,0ecaa5967403d082aa24f35e1b516d23)
Start importing Assets/GoogleMobileAds/Editor/Resources/PlaceholderAds/Banners/MEDIUM_RECTANGLE.prefab using Guid(da3156337d5ca4d529cf72f8b467823b) Importer(2089858483,0ecaa5967403d082aa24f35e1b516d23)  -> (artifact id: '0582d26fb04fcd807084f9e03aec8247') in 0.019887 seconds
Number of updated asset objects reloaded before import = 0
Number of asset objects unloaded after import = 13
========================================================================
Received Import Request.
  Time since last request: 0.000018 seconds.
  path: Assets/Plugins/TextMesh Pro/Examples & Extras/Resources/Fonts & Materials/Bangers SDF Glow.mat
  artifactKey: Guid(d75b8f41e959450c84ac6e967084d3e1) Importer(2089858483,0ecaa5967403d082aa24f35e1b516d23)
Start importing Assets/Plugins/TextMesh Pro/Examples & Extras/Resources/Fonts & Materials/Bangers SDF Glow.mat using Guid(d75b8f41e959450c84ac6e967084d3e1) Importer(2089858483,0ecaa5967403d082aa24f35e1b516d23)  -> (artifact id: 'f5f21ed50d8aa9f66e4db71e6e68f162') in 0.025134 seconds
Number of updated asset objects reloaded before import = 0
Number of asset objects unloaded after import = 3
========================================================================
Received Import Request.
  Time since last request: 0.000019 seconds.
  path: Assets/GoogleMobileAds/Editor/Resources/PlaceholderAds/AdImages/320x50.png
  artifactKey: Guid(5a6531d4c9c484d679a2d6f9e6fefed5) Importer(2089858483,0ecaa5967403d082aa24f35e1b516d23)
Start importing Assets/GoogleMobileAds/Editor/Resources/PlaceholderAds/AdImages/320x50.png using Guid(5a6531d4c9c484d679a2d6f9e6fefed5) Importer(2089858483,0ecaa5967403d082aa24f35e1b516d23)  -> (artifact id: 'fb88c2089353261450b4d2d4733aab1d') in 0.027076 seconds
Number of updated asset objects reloaded before import = 0
Number of asset objects unloaded after import = 3
========================================================================
Received Import Request.
  Time since last request: 0.000022 seconds.
  path: Assets/GoogleMobileAds/Editor/Resources/PlaceholderAds/AdImages/480x320.png
  artifactKey: Guid(d30303c99ba3f4b9b9924da34e6d742d) Importer(2089858483,0ecaa5967403d082aa24f35e1b516d23)
Start importing Assets/GoogleMobileAds/Editor/Resources/PlaceholderAds/AdImages/480x320.png using Guid(d30303c99ba3f4b9b9924da34e6d742d) Importer(2089858483,0ecaa5967403d082aa24f35e1b516d23)  -> (artifact id: '04d6a2795f3e72adac12e22506ec69d6') in 0.028718 seconds
Number of updated asset objects reloaded before import = 0
Number of asset objects unloaded after import = 3
========================================================================
Received Import Request.
  Time since last request: 0.000019 seconds.
  path: Assets/Audio/CasualGameSounds/license.pdf
  artifactKey: Guid(97e586aae91a04999b17478d7aa1a576) Importer(2089858483,0ecaa5967403d082aa24f35e1b516d23)
Start importing Assets/Audio/CasualGameSounds/license.pdf using Guid(97e586aae91a04999b17478d7aa1a576) Importer(2089858483,0ecaa5967403d082aa24f35e1b516d23)  -> (artifact id: '452e1d7a5e63c233f9b523bc4e36bb05') in 0.010775 seconds
Number of updated asset objects reloaded before import = 0
Number of asset objects unloaded after import = 1
========================================================================
Received Import Request.
  Time since last request: 0.000061 seconds.
  path: Assets/Scripts/Skin/SkinMenu/SkinMenuOpenClose.cs
  artifactKey: Guid(cde25a1b422ef94449cd8452d0e0e5cd) Importer(2089858483,0ecaa5967403d082aa24f35e1b516d23)
Start importing Assets/Scripts/Skin/SkinMenu/SkinMenuOpenClose.cs using Guid(cde25a1b422ef94449cd8452d0e0e5cd) Importer(2089858483,0ecaa5967403d082aa24f35e1b516d23)  -> (artifact id: '64b47f2b18bf4fef68409247f9554216') in 0.014752 seconds
Number of updated asset objects reloaded before import = 0
Number of asset objects unloaded after import = 1
========================================================================
Received Import Request.
  Time since last request: 0.000023 seconds.
  path: Assets/Plugins/TextMesh Pro/Examples & Extras/Scenes/17 - Old Computer Terminal.unity
  artifactKey: Guid(3e2e4d7b0bed4cf9ab827e9f32448f69) Importer(2089858483,0ecaa5967403d082aa24f35e1b516d23)
Start importing Assets/Plugins/TextMesh Pro/Examples & Extras/Scenes/17 - Old Computer Terminal.unity using Guid(3e2e4d7b0bed4cf9ab827e9f32448f69) Importer(2089858483,0ecaa5967403d082aa24f35e1b516d23)  -> (artifact id: '3cfa11ef6ec6ece1ecf8f66cf48bc562') in 0.012226 seconds
Number of updated asset objects reloaded before import = 0
Number of asset objects unloaded after import = 1
========================================================================
Received Import Request.
  Time since last request: 0.000066 seconds.
  path: Assets/Plugins/TextMesh Pro/Examples & Extras/Scripts/TextMeshSpawner.cs
  artifactKey: Guid(76c11bbcfddf44e0ba17d6c2751c8d84) Importer(2089858483,0ecaa5967403d082aa24f35e1b516d23)
Start importing Assets/Plugins/TextMesh Pro/Examples & Extras/Scripts/TextMeshSpawner.cs using Guid(76c11bbcfddf44e0ba17d6c2751c8d84) Importer(2089858483,0ecaa5967403d082aa24f35e1b516d23)  -> (artifact id: '4dc3a4b16c5e55b574b646a135f5c414') in 0.011661 seconds
Number of updated asset objects reloaded before import = 0
Number of asset objects unloaded after import = 1
========================================================================
Received Import Request.
  Time since last request: 0.000020 seconds.
  path: Assets/GoogleMobileAds/Editor/Resources/PlaceholderAds/Interstitials/1024x768.prefab
  artifactKey: Guid(53084846ca7a14a878485a5db71fda00) Importer(2089858483,0ecaa5967403d082aa24f35e1b516d23)
Start importing Assets/GoogleMobileAds/Editor/Resources/PlaceholderAds/Interstitials/1024x768.prefab using Guid(53084846ca7a14a878485a5db71fda00) Importer(2089858483,0ecaa5967403d082aa24f35e1b516d23)  -> (artifact id: '47dbe8617b5db7d10bac0be000078db1') in 0.018490 seconds
Number of updated asset objects reloaded before import = 0
Number of asset objects unloaded after import = 26
========================================================================
Received Import Request.
  Time since last request: 0.000023 seconds.
  path: Assets/Prefabs/Boosts/Dia.prefab
  artifactKey: Guid(bb7d2c4d11a4d1b4385019fa1bafe9b8) Importer(2089858483,0ecaa5967403d082aa24f35e1b516d23)
Start importing Assets/Prefabs/Boosts/Dia.prefab using Guid(bb7d2c4d11a4d1b4385019fa1bafe9b8) Importer(2089858483,0ecaa5967403d082aa24f35e1b516d23)  -> (artifact id: '4a095459dd5c09ea1dd5f1aeedc205af') in 0.027507 seconds
Number of updated asset objects reloaded before import = 0
Number of asset objects unloaded after import = 10
========================================================================
Received Import Request.
  Time since last request: 0.000016 seconds.
  path: Assets/Plugins/ExternalDependencyManager/Editor/1.2.175/Google.JarResolver.dll
  artifactKey: Guid(af3ced639768447f9ece45f038c5ee35) Importer(2089858483,0ecaa5967403d082aa24f35e1b516d23)
Start importing Assets/Plugins/ExternalDependencyManager/Editor/1.2.175/Google.JarResolver.dll using Guid(af3ced639768447f9ece45f038c5ee35) Importer(2089858483,0ecaa5967403d082aa24f35e1b516d23)  -> (artifact id: 'c5b759d76c61eaa3204178b5ce4186c9') in 0.018939 seconds
Number of updated asset objects reloaded before import = 0
Number of asset objects unloaded after import = 1
========================================================================
Received Import Request.
  Time since last request: 0.000018 seconds.
  path: Assets/Plugins/TextMesh Pro/Examples & Extras/Resources/Fonts & Materials/Roboto-Bold SDF - Drop Shadow.mat
  artifactKey: Guid(b246c4190f4e46ec9352fe15a7b09ce0) Importer(2089858483,0ecaa5967403d082aa24f35e1b516d23)
Start importing Assets/Plugins/TextMesh Pro/Examples & Extras/Resources/Fonts & Materials/Roboto-Bold SDF - Drop Shadow.mat using Guid(b246c4190f4e46ec9352fe15a7b09ce0) Importer(2089858483,0ecaa5967403d082aa24f35e1b516d23)  -> (artifact id: '2fbb446ee23c409eab612a52f52a14ea') in 0.021605 seconds
Number of updated asset objects reloaded before import = 0
Number of asset objects unloaded after import = 2
========================================================================
Received Import Request.
  Time since last request: 0.000020 seconds.
  path: Assets/Plugins/TextMesh Pro/Examples & Extras/Resources/Fonts & Materials/Bangers SDF Logo.mat
  artifactKey: Guid(f4e195ac1e204eff960149d1cb34e18c) Importer(2089858483,0ecaa5967403d082aa24f35e1b516d23)
Start importing Assets/Plugins/TextMesh Pro/Examples & Extras/Resources/Fonts & Materials/Bangers SDF Logo.mat using Guid(f4e195ac1e204eff960149d1cb34e18c) Importer(2089858483,0ecaa5967403d082aa24f35e1b516d23)  -> (artifact id: '411114aef795f898e0b07e4e38e383b5') in 0.030948 seconds
Number of updated asset objects reloaded before import = 0
Number of asset objects unloaded after import = 4
========================================================================
Received Import Request.
  Time since last request: 0.000014 seconds.
  path: Assets/Plugins/TextMesh Pro/Examples & Extras/Resources/Sprite Assets/Default Sprite Asset.asset
  artifactKey: Guid(fbef3c704dce48f08a44612d6c856c8d) Importer(2089858483,0ecaa5967403d082aa24f35e1b516d23)
Start importing Assets/Plugins/TextMesh Pro/Examples & Extras/Resources/Sprite Assets/Default Sprite Asset.asset using Guid(fbef3c704dce48f08a44612d6c856c8d) Importer(2089858483,0ecaa5967403d082aa24f35e1b516d23)  -> (artifact id: '175fdaf25009d670f5809c55cfd3aaea') in 0.021229 seconds
Number of updated asset objects reloaded before import = 0
Number of asset objects unloaded after import = 3
========================================================================
Received Import Request.
  Time since last request: 0.000018 seconds.
  path: Assets/Plugins/TextMesh Pro/Examples & Extras/Resources/Fonts & Materials/Roboto-Bold SDF - Surface.mat
  artifactKey: Guid(e6b276ec991f467aa14ef1f3cc665993) Importer(2089858483,0ecaa5967403d082aa24f35e1b516d23)
Start importing Assets/Plugins/TextMesh Pro/Examples & Extras/Resources/Fonts & Materials/Roboto-Bold SDF - Surface.mat using Guid(e6b276ec991f467aa14ef1f3cc665993) Importer(2089858483,0ecaa5967403d082aa24f35e1b516d23)  -> (artifact id: '914d164ad65c3dda936f6312447d7a5a') in 0.023082 seconds
Number of updated asset objects reloaded before import = 0
Number of asset objects unloaded after import = 2
========================================================================
Received Import Request.
  Time since last request: 0.000023 seconds.
  path: Assets/Plugins/TextMesh Pro/Examples & Extras/Resources/Fonts & Materials/Bangers SDF.asset
  artifactKey: Guid(125cb55b44b24c4393181402bc6200e6) Importer(2089858483,0ecaa5967403d082aa24f35e1b516d23)
Start importing Assets/Plugins/TextMesh Pro/Examples & Extras/Resources/Fonts & Materials/Bangers SDF.asset using Guid(125cb55b44b24c4393181402bc6200e6) Importer(2089858483,0ecaa5967403d082aa24f35e1b516d23)  -> (artifact id: '260ad84ce852b1343ba9c861c1eafdfe') in 0.024190 seconds
Number of updated asset objects reloaded before import = 0
Number of asset objects unloaded after import = 5
========================================================================
Received Import Request.
  Time since last request: 0.000027 seconds.
  path: Assets/Plugins/TextMesh Pro/Examples & Extras/Resources/Fonts & Materials/Oswald Bold SDF.asset
  artifactKey: Guid(0161d805a3764c089bef00bfe00793f5) Importer(2089858483,0ecaa5967403d082aa24f35e1b516d23)
Start importing Assets/Plugins/TextMesh Pro/Examples & Extras/Resources/Fonts & Materials/Oswald Bold SDF.asset using Guid(0161d805a3764c089bef00bfe00793f5) Importer(2089858483,0ecaa5967403d082aa24f35e1b516d23)  -> (artifact id: '03fa290525d59b3a943c8df84871405a') in 0.025179 seconds
Number of updated asset objects reloaded before import = 0
Number of asset objects unloaded after import = 5
========================================================================
Received Import Request.
  Time since last request: 0.000018 seconds.
  path: Assets/Textures/Images/Icon 2.0.1.png
  artifactKey: Guid(d4ece131c16e7de4391ae9bfa1d30525) Importer(815301076,1909f56bfc062723c751e8b465ee728b)
Start importing Assets/Textures/Images/Icon 2.0.1.png using Guid(d4ece131c16e7de4391ae9bfa1d30525) Importer(815301076,1909f56bfc062723c751e8b465ee728b)  -> (artifact id: 'ced340046c59d061c1aff3407186f99d') in 0.070896 seconds
Number of updated asset objects reloaded before import = 0
Number of asset objects unloaded after import = 3
========================================================================
Received Import Request.
  Time since last request: 0.000017 seconds.
  path: Assets/Audio/CasualGameSounds/DM-CGS-44.wav
  artifactKey: Guid(b43d102aac6b145468dcaa94a5cccae1) Importer(2089858483,0ecaa5967403d082aa24f35e1b516d23)
Start importing Assets/Audio/CasualGameSounds/DM-CGS-44.wav using Guid(b43d102aac6b145468dcaa94a5cccae1) Importer(2089858483,0ecaa5967403d082aa24f35e1b516d23)  -> (artifact id: '0698f3f29d958ce89157b7d8fc5cf83e') in 0.058482 seconds
Number of updated asset objects reloaded before import = 0
Number of asset objects unloaded after import = 1
========================================================================
Received Import Request.
  Time since last request: 0.000020 seconds.
  path: Assets/Plugins/Android/baseProjectTemplate.gradle
  artifactKey: Guid(c18183c5c546e1a4db0f1d7ac082b01e) Importer(2089858483,0ecaa5967403d082aa24f35e1b516d23)
Start importing Assets/Plugins/Android/baseProjectTemplate.gradle using Guid(c18183c5c546e1a4db0f1d7ac082b01e) Importer(2089858483,0ecaa5967403d082aa24f35e1b516d23)  -> (artifact id: '230c46d22d05538d9beac845177b5644') in 0.011074 seconds
Number of updated asset objects reloaded before import = 0
Number of asset objects unloaded after import = 1
========================================================================
Received Import Request.
  Time since last request: 0.000041 seconds.
  path: Assets/Plugins/TextMesh Pro/Examples & Extras/Scenes/21 - Script Example.unity
  artifactKey: Guid(50f52f9274434ecfb34dd87f0836f323) Importer(2089858483,0ecaa5967403d082aa24f35e1b516d23)
Start importing Assets/Plugins/TextMesh Pro/Examples & Extras/Scenes/21 - Script Example.unity using Guid(50f52f9274434ecfb34dd87f0836f323) Importer(2089858483,0ecaa5967403d082aa24f35e1b516d23)  -> (artifact id: '16530d4a7221404d7dc567865340079d') in 0.011493 seconds
Number of updated asset objects reloaded before import = 0
Number of asset objects unloaded after import = 1
========================================================================
Received Import Request.
  Time since last request: 0.000020 seconds.
  path: Assets/Plugins/TextMesh Pro/Resources/Sprite Assets/EmojiOne.asset
  artifactKey: Guid(c41005c129ba4d66911b75229fd70b45) Importer(2089858483,0ecaa5967403d082aa24f35e1b516d23)
Start importing Assets/Plugins/TextMesh Pro/Resources/Sprite Assets/EmojiOne.asset using Guid(c41005c129ba4d66911b75229fd70b45) Importer(2089858483,0ecaa5967403d082aa24f35e1b516d23)  -> (artifact id: '7f345799880256c7483554133d59440c') in 0.017694 seconds
Number of updated asset objects reloaded before import = 0
Number of asset objects unloaded after import = 3
========================================================================
Received Import Request.
  Time since last request: 0.000016 seconds.
  path: Assets/Plugins/ExternalDependencyManager/Editor/Google.VersionHandler.dll.mdb
  artifactKey: Guid(678abf9fd45a41d182aea1542e83aebe) Importer(2089858483,0ecaa5967403d082aa24f35e1b516d23)
Start importing Assets/Plugins/ExternalDependencyManager/Editor/Google.VersionHandler.dll.mdb using Guid(678abf9fd45a41d182aea1542e83aebe) Importer(2089858483,0ecaa5967403d082aa24f35e1b516d23)  -> (artifact id: '349b03c47bebe37a5a069313a2830fea') in 0.009937 seconds
Number of updated asset objects reloaded before import = 0
Number of asset objects unloaded after import = 1
========================================================================
Received Import Request.
  Time since last request: 0.000061 seconds.
  path: Assets/Plugins/TextMesh Pro/Examples & Extras/Textures/Gradient Diagonal (Color).jpg
  artifactKey: Guid(2ce5c55e85304b819a1826ecbc839aa5) Importer(2089858483,0ecaa5967403d082aa24f35e1b516d23)
Start importing Assets/Plugins/TextMesh Pro/Examples & Extras/Textures/Gradient Diagonal (Color).jpg using Guid(2ce5c55e85304b819a1826ecbc839aa5) Importer(2089858483,0ecaa5967403d082aa24f35e1b516d23)  -> (artifact id: 'e96a705a19527b7ff790f42b20028c7a') in 0.022434 seconds
Number of updated asset objects reloaded before import = 0
Number of asset objects unloaded after import = 1
========================================================================
Received Import Request.
  Time since last request: 0.000016 seconds.
  path: Assets/Plugins/TextMesh Pro/Examples & Extras/Resources/Fonts & Materials/LiberationSans SDF - Overlay.mat
  artifactKey: Guid(9ad269c99dcf42b7aedefd83dd5a7b9d) Importer(2089858483,0ecaa5967403d082aa24f35e1b516d23)
Start importing Assets/Plugins/TextMesh Pro/Examples & Extras/Resources/Fonts & Materials/LiberationSans SDF - Overlay.mat using Guid(9ad269c99dcf42b7aedefd83dd5a7b9d) Importer(2089858483,0ecaa5967403d082aa24f35e1b516d23)  -> (artifact id: '1a1f7d369e86e3b1a890fcf233945e0b') in 0.033546 seconds
Number of updated asset objects reloaded before import = 0
Number of asset objects unloaded after import = 2
========================================================================
Received Import Request.
  Time since last request: 0.000017 seconds.
  path: Assets/Textures/AppTextures/Moving Platform.png
  artifactKey: Guid(d44addb92284b6c4a8744b2603f3c651) Importer(2089858483,0ecaa5967403d082aa24f35e1b516d23)
Start importing Assets/Textures/AppTextures/Moving Platform.png using Guid(d44addb92284b6c4a8744b2603f3c651) Importer(2089858483,0ecaa5967403d082aa24f35e1b516d23)  -> (artifact id: '84a0eb3ba4e5310c4fe98c6f1606bcb6') in 0.022079 seconds
Number of updated asset objects reloaded before import = 0
Number of asset objects unloaded after import = 3
========================================================================
Received Import Request.
  Time since last request: 0.000014 seconds.
  path: Assets/Plugins/TextMesh Pro/Examples & Extras/Textures/Text Overflow - Linked Text UI Screenshot.png
  artifactKey: Guid(c76d18757a194d618355f05f815cb0a1) Importer(2089858483,0ecaa5967403d082aa24f35e1b516d23)
Start importing Assets/Plugins/TextMesh Pro/Examples & Extras/Textures/Text Overflow - Linked Text UI Screenshot.png using Guid(c76d18757a194d618355f05f815cb0a1) Importer(2089858483,0ecaa5967403d082aa24f35e1b516d23)  -> (artifact id: '4f06a6ae24af1887cf886e594d8af9de') in 0.028766 seconds
Number of updated asset objects reloaded before import = 0
Number of asset objects unloaded after import = 1
========================================================================
Received Import Request.
  Time since last request: 0.000021 seconds.
  path: Assets/Plugins/SimpleFolderIcon/Icons/Models.png
  artifactKey: Guid(45ff670f2cb66164a8d6e10605691373) Importer(2089858483,0ecaa5967403d082aa24f35e1b516d23)
Start importing Assets/Plugins/SimpleFolderIcon/Icons/Models.png using Guid(45ff670f2cb66164a8d6e10605691373) Importer(2089858483,0ecaa5967403d082aa24f35e1b516d23)  -> (artifact id: 'e0baf7037a41123d85c1fffdc2ebd915') in 0.022199 seconds
Number of updated asset objects reloaded before import = 0
Number of asset objects unloaded after import = 1
========================================================================
Received Import Request.
  Time since last request: 0.000056 seconds.
  path: Assets/Textures/AppTextures/Pause white.png
  artifactKey: Guid(8bae3c07669b30e44bd9bdf1a2e31386) Importer(2089858483,0ecaa5967403d082aa24f35e1b516d23)
Start importing Assets/Textures/AppTextures/Pause white.png using Guid(8bae3c07669b30e44bd9bdf1a2e31386) Importer(2089858483,0ecaa5967403d082aa24f35e1b516d23)  -> (artifact id: 'e10d997a1230a8da0d941bc3eba8d6ab') in 0.030477 seconds
Number of updated asset objects reloaded before import = 0
Number of asset objects unloaded after import = 3
========================================================================
Received Import Request.
  Time since last request: 0.000013 seconds.
  path: Assets/Audio/CasualGameSounds/DM-CGS-07.wav
  artifactKey: Guid(2c5292ba5cf254919a6b9e2b18e04f49) Importer(2089858483,0ecaa5967403d082aa24f35e1b516d23)
Start importing Assets/Audio/CasualGameSounds/DM-CGS-07.wav using Guid(2c5292ba5cf254919a6b9e2b18e04f49) Importer(2089858483,0ecaa5967403d082aa24f35e1b516d23)  -> (artifact id: 'f49fe6ddfa6d8656eb191f322c794056') in 0.058823 seconds
Number of updated asset objects reloaded before import = 0
Number of asset objects unloaded after import = 1
========================================================================
Received Import Request.
  Time since last request: 0.000038 seconds.
  path: Assets/Audio/CasualGameSounds/DM-CGS-10.wav
  artifactKey: Guid(cabfae866cab347928b74b7d0ca6bfa9) Importer(2089858483,0ecaa5967403d082aa24f35e1b516d23)
Start importing Assets/Audio/CasualGameSounds/DM-CGS-10.wav using Guid(cabfae866cab347928b74b7d0ca6bfa9) Importer(2089858483,0ecaa5967403d082aa24f35e1b516d23)  -> (artifact id: 'a03863401730bed1af0294a618c84287') in 0.060030 seconds
Number of updated asset objects reloaded before import = 0
Number of asset objects unloaded after import = 1
========================================================================
Received Import Request.
  Time since last request: 0.000019 seconds.
  path: Assets/GoogleMobileAds/Editor/GoogleMobileAdsSKAdNetworkItems.xml
  artifactKey: Guid(b18ecf64be00344e7b039c69e9af56bf) Importer(2089858483,0ecaa5967403d082aa24f35e1b516d23)
Start importing Assets/GoogleMobileAds/Editor/GoogleMobileAdsSKAdNetworkItems.xml using Guid(b18ecf64be00344e7b039c69e9af56bf) Importer(2089858483,0ecaa5967403d082aa24f35e1b516d23)  -> (artifact id: 'f7a388d70b56a60d8f2e95557d84fcfc') in 0.012345 seconds
Number of updated asset objects reloaded before import = 0
Number of asset objects unloaded after import = 1
========================================================================
Received Import Request.
  Time since last request: 0.000033 seconds.
  path: Assets/GoogleMobileAds/Editor/GoogleMobileAdsDependencies.xml
  artifactKey: Guid(2c9357ed17521401bb7b6733145ebcd9) Importer(2089858483,0ecaa5967403d082aa24f35e1b516d23)
Start importing Assets/GoogleMobileAds/Editor/GoogleMobileAdsDependencies.xml using Guid(2c9357ed17521401bb7b6733145ebcd9) Importer(2089858483,0ecaa5967403d082aa24f35e1b516d23)  -> (artifact id: '0fcb6d722ed9b113921d7f0dd5ce40cc') in 0.012599 seconds
Number of updated asset objects reloaded before import = 0
Number of asset objects unloaded after import = 1
========================================================================
Received Import Request.
  Time since last request: 0.000020 seconds.
  path: Assets/GoogleMobileAds/Editor/Resources/PlaceholderAds/Banners/BANNER.prefab
  artifactKey: Guid(b2a8ac187bcca47a286cb00c8094da36) Importer(2089858483,0ecaa5967403d082aa24f35e1b516d23)
Start importing Assets/GoogleMobileAds/Editor/Resources/PlaceholderAds/Banners/BANNER.prefab using Guid(b2a8ac187bcca47a286cb00c8094da36) Importer(2089858483,0ecaa5967403d082aa24f35e1b516d23)  -> (artifact id: '3a0e55a229064d72a942694d72d5d724') in 0.015998 seconds
Number of updated asset objects reloaded before import = 0
Number of asset objects unloaded after import = 13
========================================================================
Received Import Request.
  Time since last request: 0.000019 seconds.
  path: Assets/Scripts/xBySCENES/Game/Platforms/DangerFloor.cs
  artifactKey: Guid(e7a6310446d2f7b40b68f81b7ed22921) Importer(2089858483,0ecaa5967403d082aa24f35e1b516d23)
Start importing Assets/Scripts/xBySCENES/Game/Platforms/DangerFloor.cs using Guid(e7a6310446d2f7b40b68f81b7ed22921) Importer(2089858483,0ecaa5967403d082aa24f35e1b516d23)  -> (artifact id: '3d515fdc2ecfa19a3a172d1ae6abcb67') in 0.010659 seconds
Number of updated asset objects reloaded before import = 0
Number of asset objects unloaded after import = 1
========================================================================
Received Import Request.
  Time since last request: 0.000047 seconds.
  path: Assets/Plugins/ExternalDependencyManager/Editor/Google.VersionHandler.dll
  artifactKey: Guid(f35f43947d644fae9db50b3c13996c0c) Importer(2089858483,0ecaa5967403d082aa24f35e1b516d23)
Start importing Assets/Plugins/ExternalDependencyManager/Editor/Google.VersionHandler.dll using Guid(f35f43947d644fae9db50b3c13996c0c) Importer(2089858483,0ecaa5967403d082aa24f35e1b516d23)  -> (artifact id: '36c69e6470949159a26fee87a0856475') in 0.011585 seconds
Number of updated asset objects reloaded before import = 0
Number of asset objects unloaded after import = 1
========================================================================
Received Import Request.
  Time since last request: 0.000018 seconds.
  path: Assets/Plugins/ExternalDependencyManager/Editor/CHANGELOG.md
  artifactKey: Guid(d60ee14e02f540f394225c5ad5a4be80) Importer(2089858483,0ecaa5967403d082aa24f35e1b516d23)
Start importing Assets/Plugins/ExternalDependencyManager/Editor/CHANGELOG.md using Guid(d60ee14e02f540f394225c5ad5a4be80) Importer(2089858483,0ecaa5967403d082aa24f35e1b516d23)  -> (artifact id: '76abcfa7263f9e218f28d7b68488d240') in 0.012610 seconds
Number of updated asset objects reloaded before import = 0
Number of asset objects unloaded after import = 1
========================================================================
Received Import Request.
  Time since last request: 0.000019 seconds.
  path: Assets/Textures/AppTextures/Star.png
  artifactKey: Guid(0b76bd1f66acb7f4abc7ada8dee48fd9) Importer(2089858483,0ecaa5967403d082aa24f35e1b516d23)
Start importing Assets/Textures/AppTextures/Star.png using Guid(0b76bd1f66acb7f4abc7ada8dee48fd9) Importer(2089858483,0ecaa5967403d082aa24f35e1b516d23)  -> (artifact id: 'b3b1b0603db61a6dc6b3ce56bfc70cbe') in 0.028190 seconds
Number of updated asset objects reloaded before import = 0
Number of asset objects unloaded after import = 3
========================================================================
Received Import Request.
  Time since last request: 0.000020 seconds.
  path: Assets/Audio/CasualGameSounds/DM-CGS-25.wav
  artifactKey: Guid(5fdb13d3756c84fecac96f5a2d124370) Importer(2089858483,0ecaa5967403d082aa24f35e1b516d23)
Start importing Assets/Audio/CasualGameSounds/DM-CGS-25.wav using Guid(5fdb13d3756c84fecac96f5a2d124370) Importer(2089858483,0ecaa5967403d082aa24f35e1b516d23)  -> (artifact id: '6aeee98fd19e0eab2b1a646a26094a0c') in 0.070896 seconds
Number of updated asset objects reloaded before import = 0
Number of asset objects unloaded after import = 1
========================================================================
Received Import Request.
  Time since last request: 0.000023 seconds.
  path: Assets/GoogleMobileAds/Editor/Resources/PlaceholderAds/AppOpen/768x1024.prefab
  artifactKey: Guid(7d86e5c9e525f4fadbbea7ee54246b94) Importer(2089858483,0ecaa5967403d082aa24f35e1b516d23)
Start importing Assets/GoogleMobileAds/Editor/Resources/PlaceholderAds/AppOpen/768x1024.prefab using Guid(7d86e5c9e525f4fadbbea7ee54246b94) Importer(2089858483,0ecaa5967403d082aa24f35e1b516d23)  -> (artifact id: 'c3999a58b67f0c1d8377c325d495a3d3') in 0.018805 seconds
Number of updated asset objects reloaded before import = 0
Number of asset objects unloaded after import = 26
========================================================================
Received Import Request.
  Time since last request: 0.000028 seconds.
  path: Assets/GoogleMobileAds/GoogleMobileAds.Unity.dll
  artifactKey: Guid(3bce71ee5c7c4e0fbbb4d836c01a35a2) Importer(2089858483,0ecaa5967403d082aa24f35e1b516d23)
Start importing Assets/GoogleMobileAds/GoogleMobileAds.Unity.dll using Guid(3bce71ee5c7c4e0fbbb4d836c01a35a2) Importer(2089858483,0ecaa5967403d082aa24f35e1b516d23)  -> (artifact id: '3b731afb9fdd8cdd79321943440ba84e') in 0.020747 seconds
Number of updated asset objects reloaded before import = 0
Number of asset objects unloaded after import = 1
========================================================================
Received Import Request.
  Time since last request: 0.000018 seconds.
  path: Assets/Audio/My/C4_PRESS.wav
  artifactKey: Guid(be2615f3f2183a74ea35de3bb3176f04) Importer(2089858483,0ecaa5967403d082aa24f35e1b516d23)
Start importing Assets/Audio/My/C4_PRESS.wav using Guid(be2615f3f2183a74ea35de3bb3176f04) Importer(2089858483,0ecaa5967403d082aa24f35e1b516d23)  -> (artifact id: '64db2913c4ce0b675e3342276ed9998f') in 0.068113 seconds
Number of updated asset objects reloaded before import = 0
Number of asset objects unloaded after import = 1
========================================================================
Received Import Request.
  Time since last request: 0.000032 seconds.
  path: Assets/Plugins/TextMesh Pro/Examples & Extras/Resources/Fonts & Materials/LiberationSans SDF - Soft Mask.mat
  artifactKey: Guid(42df1c7856584b6b8db9a509b6b10074) Importer(2089858483,0ecaa5967403d082aa24f35e1b516d23)
Start importing Assets/Plugins/TextMesh Pro/Examples & Extras/Resources/Fonts & Materials/LiberationSans SDF - Soft Mask.mat using Guid(42df1c7856584b6b8db9a509b6b10074) Importer(2089858483,0ecaa5967403d082aa24f35e1b516d23)  -> (artifact id: 'b7153221fea5805de78eb80908da0326') in 0.034849 seconds
Number of updated asset objects reloaded before import = 0
Number of asset objects unloaded after import = 3
========================================================================
Received Import Request.
  Time since last request: 0.000019 seconds.
  path: Assets/Audio/CasualGameSounds/DM-CGS-02.wav
  artifactKey: Guid(dc6614beca09347ec9b258f12d154bdd) Importer(2089858483,0ecaa5967403d082aa24f35e1b516d23)
Start importing Assets/Audio/CasualGameSounds/DM-CGS-02.wav using Guid(dc6614beca09347ec9b258f12d154bdd) Importer(2089858483,0ecaa5967403d082aa24f35e1b516d23)  -> (artifact id: '201d9eb7e441a6de83bcae7679c32000') in 0.064827 seconds
Number of updated asset objects reloaded before import = 0
Number of asset objects unloaded after import = 1
========================================================================
Received Import Request.
  Time since last request: 0.000037 seconds.
  path: Assets/GoogleMobileAds/LICENSE
  artifactKey: Guid(dced4676809d4fd080dc99cc6b32b2ab) Importer(2089858483,0ecaa5967403d082aa24f35e1b516d23)
Start importing Assets/GoogleMobileAds/LICENSE using Guid(dced4676809d4fd080dc99cc6b32b2ab) Importer(2089858483,0ecaa5967403d082aa24f35e1b516d23)  -> (artifact id: '2ec1040802bebcb9c38bdda930b01aa1') in 0.009976 seconds
Number of updated asset objects reloaded before import = 0
Number of asset objects unloaded after import = 1
========================================================================
Received Import Request.
  Time since last request: 0.000063 seconds.
  path: Assets/Scenes/GameMenu.unity
  artifactKey: Guid(753ad2948ba55784b884900aad313399) Importer(2089858483,0ecaa5967403d082aa24f35e1b516d23)
Start importing Assets/Scenes/GameMenu.unity using Guid(753ad2948ba55784b884900aad313399) Importer(2089858483,0ecaa5967403d082aa24f35e1b516d23)  -> (artifact id: '7caa058a0f9797c7d98c8594d8ed19fd') in 0.011964 seconds
Number of updated asset objects reloaded before import = 0
Number of asset objects unloaded after import = 1
========================================================================
Received Import Request.
  Time since last request: 0.000034 seconds.
  path: Assets/Textures/AppTextures/Settings.png
  artifactKey: Guid(19afea0e5f64f6642bf3c2c2457a616d) Importer(2089858483,0ecaa5967403d082aa24f35e1b516d23)
Start importing Assets/Textures/AppTextures/Settings.png using Guid(19afea0e5f64f6642bf3c2c2457a616d) Importer(2089858483,0ecaa5967403d082aa24f35e1b516d23)  -> (artifact id: '945748105374e5f8230788a120bddd37') in 0.032494 seconds
Number of updated asset objects reloaded before import = 0
Number of asset objects unloaded after import = 3
========================================================================
Received Import Request.
  Time since last request: 0.000029 seconds.
  path: Assets/Plugins/ExternalDependencyManager/Editor/README.md
  artifactKey: Guid(2939a2ca8cd341c48efc9816e6aa2c65) Importer(2089858483,0ecaa5967403d082aa24f35e1b516d23)
Start importing Assets/Plugins/ExternalDependencyManager/Editor/README.md using Guid(2939a2ca8cd341c48efc9816e6aa2c65) Importer(2089858483,0ecaa5967403d082aa24f35e1b516d23)  -> (artifact id: '85d8e2a76bf899f079f0ff77057620a2') in 0.010983 seconds
Number of updated asset objects reloaded before import = 0
Number of asset objects unloaded after import = 1
========================================================================
Received Import Request.
  Time since last request: 0.000013 seconds.
  path: Assets/Prefabs/Grounds/Moving/Moving Floor.prefab
  artifactKey: Guid(5be3d2ea0181f6c4180053ef1e99c0e5) Importer(2089858483,0ecaa5967403d082aa24f35e1b516d23)
Start importing Assets/Prefabs/Grounds/Moving/Moving Floor.prefab using Guid(5be3d2ea0181f6c4180053ef1e99c0e5) Importer(2089858483,0ecaa5967403d082aa24f35e1b516d23)  -> (artifact id: '4856e6c731b655384cbbb3dab34f6fdd') in 0.024957 seconds
Number of updated asset objects reloaded before import = 0
Number of asset objects unloaded after import = 11
========================================================================
Received Import Request.
  Time since last request: 0.000017 seconds.
  path: Assets/Plugins/TextMesh Pro/Examples & Extras/Sprites/DropCap Numbers.psd
  artifactKey: Guid(fd09957580ac4326916010f1f260975b) Importer(2089858483,0ecaa5967403d082aa24f35e1b516d23)
Start importing Assets/Plugins/TextMesh Pro/Examples & Extras/Sprites/DropCap Numbers.psd using Guid(fd09957580ac4326916010f1f260975b) Importer(2089858483,0ecaa5967403d082aa24f35e1b516d23)  -> (artifact id: 'f44554a5426f7f4d17e76affeb1fde61') in 0.026116 seconds
Number of updated asset objects reloaded before import = 0
Number of asset objects unloaded after import = 1
========================================================================
Received Import Request.
  Time since last request: 0.000016 seconds.
  path: Assets/Audio/CasualGameSounds/DM-CGS-04.wav
  artifactKey: Guid(c5e2a73ad4706440f93bf05df0b465fe) Importer(2089858483,0ecaa5967403d082aa24f35e1b516d23)
Start importing Assets/Audio/CasualGameSounds/DM-CGS-04.wav using Guid(c5e2a73ad4706440f93bf05df0b465fe) Importer(2089858483,0ecaa5967403d082aa24f35e1b516d23)  -> (artifact id: '87f57dbb3f5c8a7d64a24744d0a342f8') in 0.059025 seconds
Number of updated asset objects reloaded before import = 0
Number of asset objects unloaded after import = 1
========================================================================
Received Prepare
Refreshing native plugins compatible for Editor in 12.78 ms, found 3 plugins.
Preloading 0 native plugins for Editor in 0.00 ms.
Unloading 0 Unused Serialized files (Serialized files now loaded: 0)
Unloading 2 unused Assets / (1.6 KB). Loaded Objects now: 3633.
Memory consumption went from 77.6 MB to 77.6 MB.
Total: 7.512600 ms (FindLiveObjects: 0.384800 ms CreateObjectMapping: 0.137800 ms MarkObjects: 6.947900 ms  DeleteObjects: 0.040900 ms)

Prepare: number of updated asset objects reloaded= 0
AssetImportParameters requested are different than current active one (requested -> active):
  custom:container-demuxer-ogg: 62fdf1f143b41e24485cea50d1cbac27 -> 
  custom:video-codec-MediaFoundation-h265: 746d11721c4dcdbdad8f713fa42b33f4 -> 
  custom:video-decoder-ogg-theora: a1e56fd34408186e4bbccfd4996cb3dc -> 
  custom:framework-win-MediaFoundation: 216162199b28c13a410421893ffa2e32 -> 
  custom:CustomObjectIndexerAttribute: 9a22284fe3817be447336de3de66b15e -> 
  custom:container-demuxer-webm: 4f35f7cbe854078d1ac9338744f61a02 -> 
  custom:container-muxer-webm: aa71ff27fc2769a1b78a27578f13a17b -> 
  custom:video-decoder-webm-vp8: 9c59270c3fd7afecdb556c50c9e8de78 -> 
  custom:SearchIndexIgnoredProperties: e643bd26f0fe6173181afceb89e7c659 -> 
  custom:AudioImporter_EditorPlatform: d09bf68614088b80899f8185d706f6e7 -> 
  custom:video-encoder-webm-vp8: eb34c28f22e8b96e1ab97ce403110664 -> 
  custom:audio-decoder-ogg-vorbis: bf7c407c2cedff20999df2af8eb42d56 -> 
  custom:audio-encoder-webm-vorbis: bf7c407c2cedff20999df2af8eb42d56 -> 
========================================================================
Received Prepare
Refreshing native plugins compatible for Editor in 11.27 ms, found 3 plugins.
Preloading 0 native plugins for Editor in 0.00 ms.
Unloading 1 Unused Serialized files (Serialized files now loaded: 0)
Unloading 1 unused Assets / (3.1 KB). Loaded Objects now: 3633.
Memory consumption went from 77.8 MB to 77.8 MB.
Total: 6.492200 ms (FindLiveObjects: 0.468500 ms CreateObjectMapping: 0.166200 ms MarkObjects: 5.828300 ms  DeleteObjects: 0.027700 ms)

Prepare: number of updated asset objects reloaded= 0
AssetImportParameters requested are different than current active one (requested -> active):
  custom:container-demuxer-ogg: 62fdf1f143b41e24485cea50d1cbac27 -> 
  custom:video-codec-MediaFoundation-h265: 746d11721c4dcdbdad8f713fa42b33f4 -> 
  custom:video-decoder-ogg-theora: a1e56fd34408186e4bbccfd4996cb3dc -> 
  custom:framework-win-MediaFoundation: 216162199b28c13a410421893ffa2e32 -> 
  custom:CustomObjectIndexerAttribute: 9a22284fe3817be447336de3de66b15e -> 
  custom:container-demuxer-webm: 4f35f7cbe854078d1ac9338744f61a02 -> 
  custom:container-muxer-webm: aa71ff27fc2769a1b78a27578f13a17b -> 
  custom:video-decoder-webm-vp8: 9c59270c3fd7afecdb556c50c9e8de78 -> 
  custom:SearchIndexIgnoredProperties: e643bd26f0fe6173181afceb89e7c659 -> 
  custom:AudioImporter_EditorPlatform: d09bf68614088b80899f8185d706f6e7 -> 
  custom:video-encoder-webm-vp8: eb34c28f22e8b96e1ab97ce403110664 -> 
  custom:audio-decoder-ogg-vorbis: bf7c407c2cedff20999df2af8eb42d56 -> 
  custom:audio-encoder-webm-vorbis: bf7c407c2cedff20999df2af8eb42d56 -> 
========================================================================
Received Prepare
Refreshing native plugins compatible for Editor in 14.90 ms, found 3 plugins.
Preloading 0 native plugins for Editor in 0.00 ms.
Unloading 1 Unused Serialized files (Serialized files now loaded: 0)
Unloading 1 unused Assets / (3.1 KB). Loaded Objects now: 3633.
Memory consumption went from 77.9 MB to 77.8 MB.
Total: 6.772400 ms (FindLiveObjects: 0.441900 ms CreateObjectMapping: 0.153700 ms MarkObjects: 6.153300 ms  DeleteObjects: 0.022100 ms)

Prepare: number of updated asset objects reloaded= 0
AssetImportParameters requested are different than current active one (requested -> active):
  custom:container-demuxer-ogg: 62fdf1f143b41e24485cea50d1cbac27 -> 
  custom:video-codec-MediaFoundation-h265: 746d11721c4dcdbdad8f713fa42b33f4 -> 
  custom:video-decoder-ogg-theora: a1e56fd34408186e4bbccfd4996cb3dc -> 
  custom:framework-win-MediaFoundation: 216162199b28c13a410421893ffa2e32 -> 
  custom:CustomObjectIndexerAttribute: 9a22284fe3817be447336de3de66b15e -> 
  custom:container-demuxer-webm: 4f35f7cbe854078d1ac9338744f61a02 -> 
  custom:container-muxer-webm: aa71ff27fc2769a1b78a27578f13a17b -> 
  custom:video-decoder-webm-vp8: 9c59270c3fd7afecdb556c50c9e8de78 -> 
  custom:SearchIndexIgnoredProperties: e643bd26f0fe6173181afceb89e7c659 -> 
  custom:AudioImporter_EditorPlatform: d09bf68614088b80899f8185d706f6e7 -> 
  custom:video-encoder-webm-vp8: eb34c28f22e8b96e1ab97ce403110664 -> 
  custom:audio-decoder-ogg-vorbis: bf7c407c2cedff20999df2af8eb42d56 -> 
  custom:audio-encoder-webm-vorbis: bf7c407c2cedff20999df2af8eb42d56 -> 
========================================================================
Received Prepare
Refreshing native plugins compatible for Editor in 26.89 ms, found 3 plugins.
Preloading 0 native plugins for Editor in 0.00 ms.
Unloading 1 Unused Serialized files (Serialized files now loaded: 0)
Unloading 1 unused Assets / (3.1 KB). Loaded Objects now: 3633.
Memory consumption went from 77.9 MB to 77.8 MB.
Total: 12.646900 ms (FindLiveObjects: 0.445200 ms CreateObjectMapping: 0.159300 ms MarkObjects: 12.008300 ms  DeleteObjects: 0.031900 ms)

Prepare: number of updated asset objects reloaded= 0
AssetImportParameters requested are different than current active one (requested -> active):
  custom:container-demuxer-ogg: 62fdf1f143b41e24485cea50d1cbac27 -> 
  custom:video-codec-MediaFoundation-h265: 746d11721c4dcdbdad8f713fa42b33f4 -> 
  custom:video-decoder-ogg-theora: a1e56fd34408186e4bbccfd4996cb3dc -> 
  custom:framework-win-MediaFoundation: 216162199b28c13a410421893ffa2e32 -> 
  custom:CustomObjectIndexerAttribute: 9a22284fe3817be447336de3de66b15e -> 
  custom:container-demuxer-webm: 4f35f7cbe854078d1ac9338744f61a02 -> 
  custom:container-muxer-webm: aa71ff27fc2769a1b78a27578f13a17b -> 
  custom:video-decoder-webm-vp8: 9c59270c3fd7afecdb556c50c9e8de78 -> 
  custom:SearchIndexIgnoredProperties: e643bd26f0fe6173181afceb89e7c659 -> 
  custom:AudioImporter_EditorPlatform: d09bf68614088b80899f8185d706f6e7 -> 
  custom:video-encoder-webm-vp8: eb34c28f22e8b96e1ab97ce403110664 -> 
  custom:audio-decoder-ogg-vorbis: bf7c407c2cedff20999df2af8eb42d56 -> 
  custom:audio-encoder-webm-vorbis: bf7c407c2cedff20999df2af8eb42d56 -> 
